LINKS;Lnum;RECHTS;rnum
202119658 atelier Munro shirt 3-vdp_Deel1.pdf;MSHC0195;202119658 atelier Munro shirt 3-vdp_Deel2.pdf;MSHC0196
202119658 atelier Munro shirt 3-vdp_Deel3.pdf;MSHC0197;202119658 atelier Munro shirt 3-vdp_Deel4.pdf;MSHC0198
202119658 atelier Munro shirt 3-vdp_Deel5.pdf;MSHC0199;202119658 atelier Munro shirt 3-vdp_Deel6.pdf;'''''
202119658 atelier Munro shirt 3-vdp_Deel7.pdf;''''';leeg.pdf;0
202119658 atelier Munro shirt 3-vdp_Deel1.pdf;MSHC0195;202119658 atelier Munro shirt 3-vdp_Deel2.pdf;MSHC0196
202119658 atelier Munro shirt 3-vdp_Deel3.pdf;MSHC0197;202119658 atelier Munro shirt 3-vdp_Deel4.pdf;MSHC0198
202119658 atelier Munro shirt 3-vdp_Deel5.pdf;MSHC0199;202119658 atelier Munro shirt 3-vdp_Deel6.pdf;'''''
202119658 atelier Munro shirt 3-vdp_Deel7.pdf;''''';leeg.pdf;0
202119658 atelier Munro shirt 3-vdp_Deel1.pdf;MSHC0195;202119658 atelier Munro shirt 3-vdp_Deel2.pdf;MSHC0196
202119658 atelier Munro shirt 3-vdp_Deel3.pdf;MSHC0197;202119658 atelier Munro shirt 3-vdp_Deel4.pdf;MSHC0198
202119658 atelier Munro shirt 3-vdp_Deel5.pdf;MSHC0199;202119658 atelier Munro shirt 3-vdp_Deel6.pdf;'''''
202119658 atelier Munro shirt 3-vdp_Deel7.pdf;''''';leeg.pdf;0
202119658 atelier Munro shirt 3-vdp_Deel1.pdf;MSHC0195;202119658 atelier Munro shirt 3-vdp_Deel2.pdf;MSHC0196
202119658 atelier Munro shirt 3-vdp_Deel3.pdf;MSHC0197;202119658 atelier Munro shirt 3-vdp_Deel4.pdf;MSHC0198
202119658 atelier Munro shirt 3-vdp_Deel5.pdf;MSHC0199;202119658 atelier Munro shirt 3-vdp_Deel6.pdf;'''''
202119658 atelier Munro shirt 3-vdp_Deel7.pdf;''''';leeg.pdf;0
202119658 atelier Munro shirt 3-vdp_Deel1.pdf;MSHC0195;202119658 atelier Munro shirt 3-vdp_Deel2.pdf;MSHC0196
202119658 atelier Munro shirt 3-vdp_Deel3.pdf;MSHC0197;202119658 atelier Munro shirt 3-vdp_Deel4.pdf;MSHC0198
202119658 atelier Munro shirt 3-vdp_Deel5.pdf;MSHC0199;202119658 atelier Munro shirt 3-vdp_Deel6.pdf;'''''
202119658 atelier Munro shirt 3-vdp_Deel7.pdf;''''';leeg.pdf;0
202119658 atelier Munro shirt 3-vdp_Deel1.pdf;MSHC0195;202119658 atelier Munro shirt 3-vdp_Deel2.pdf;MSHC0196
202119658 atelier Munro shirt 3-vdp_Deel3.pdf;MSHC0197;202119658 atelier Munro shirt 3-vdp_Deel4.pdf;MSHC0198
202119658 atelier Munro shirt 3-vdp_Deel5.pdf;MSHC0199;202119658 atelier Munro shirt 3-vdp_Deel6.pdf;'''''
202119658 atelier Munro shirt 3-vdp_Deel7.pdf;''''';leeg.pdf;0
202119658 atelier Munro shirt 3-vdp_Deel1.pdf;MSHC0195;202119658 atelier Munro shirt 3-vdp_Deel2.pdf;MSHC0196
202119658 atelier Munro shirt 3-vdp_Deel3.pdf;MSHC0197;202119658 atelier Munro shirt 3-vdp_Deel4.pdf;MSHC0198
202119658 atelier Munro shirt 3-vdp_Deel5.pdf;MSHC0199;202119658 atelier Munro shirt 3-vdp_Deel6.pdf;'''''
202119658 atelier Munro shirt 3-vdp_Deel7.pdf;''''';leeg.pdf;0
202119658 atelier Munro shirt 3-vdp_Deel1.pdf;MSHC0195;202119658 atelier Munro shirt 3-vdp_Deel2.pdf;MSHC0196
202119658 atelier Munro shirt 3-vdp_Deel3.pdf;MSHC0197;202119658 atelier Munro shirt 3-vdp_Deel4.pdf;MSHC0198
202119658 atelier Munro shirt 3-vdp_Deel5.pdf;MSHC0199;202119658 atelier Munro shirt 3-vdp_Deel6.pdf;'''''
202119658 atelier Munro shirt 3-vdp_Deel7.pdf;''''';leeg.pdf;0
202119658 atelier Munro shirt 3-vdp_Deel1.pdf;MSHC0195;202119658 atelier Munro shirt 3-vdp_Deel2.pdf;MSHC0196
202119658 atelier Munro shirt 3-vdp_Deel3.pdf;MSHC0197;202119658 atelier Munro shirt 3-vdp_Deel4.pdf;MSHC0198
202119658 atelier Munro shirt 3-vdp_Deel5.pdf;MSHC0199;202119658 atelier Munro shirt 3-vdp_Deel6.pdf;'''''
202119658 atelier Munro shirt 3-vdp_Deel7.pdf;''''';leeg.pdf;0
202119658 atelier Munro shirt 3-vdp_Deel1.pdf;MSHC0195;202119658 atelier Munro shirt 3-vdp_Deel2.pdf;MSHC0196
202119658 atelier Munro shirt 3-vdp_Deel3.pdf;MSHC0197;202119658 atelier Munro shirt 3-vdp_Deel4.pdf;MSHC0198
202119658 atelier Munro shirt 3-vdp_Deel5.pdf;MSHC0199;202119658 atelier Munro shirt 3-vdp_Deel6.pdf;'''''
202119658 atelier Munro shirt 3-vdp_Deel7.pdf;''''';leeg.pdf;0
202119658 atelier Munro shirt 3-vdp_Deel1.pdf;MSHC0195;202119658 atelier Munro shirt 3-vdp_Deel2.pdf;MSHC0196
202119658 atelier Munro shirt 3-vdp_Deel3.pdf;MSHC0197;202119658 atelier Munro shirt 3-vdp_Deel4.pdf;MSHC0198
202119658 atelier Munro shirt 3-vdp_Deel5.pdf;MSHC0199;202119658 atelier Munro shirt 3-vdp_Deel6.pdf;'''''
202119658 atelier Munro shirt 3-vdp_Deel7.pdf;''''';leeg.pdf;0
202119658 atelier Munro shirt 3-vdp_Deel1.pdf;MSHC0195;202119658 atelier Munro shirt 3-vdp_Deel2.pdf;MSHC0196
202119658 atelier Munro shirt 3-vdp_Deel3.pdf;MSHC0197;202119658 atelier Munro shirt 3-vdp_Deel4.pdf;MSHC0198
202119658 atelier Munro shirt 3-vdp_Deel5.pdf;MSHC0199;202119658 atelier Munro shirt 3-vdp_Deel6.pdf;'''''
202119658 atelier Munro shirt 3-vdp_Deel7.pdf;''''';leeg.pdf;0
202119658 atelier Munro shirt 3-vdp_Deel1.pdf;MSHC0195;202119658 atelier Munro shirt 3-vdp_Deel2.pdf;MSHC0196
202119658 atelier Munro shirt 3-vdp_Deel3.pdf;MSHC0197;202119658 atelier Munro shirt 3-vdp_Deel4.pdf;MSHC0198
202119658 atelier Munro shirt 3-vdp_Deel5.pdf;MSHC0199;202119658 atelier Munro shirt 3-vdp_Deel6.pdf;'''''
202119658 atelier Munro shirt 3-vdp_Deel7.pdf;''''';leeg.pdf;0
202119658 atelier Munro shirt 3-vdp_Deel1.pdf;MSHC0195;202119658 atelier Munro shirt 3-vdp_Deel2.pdf;MSHC0196
202119658 atelier Munro shirt 3-vdp_Deel3.pdf;MSHC0197;202119658 atelier Munro shirt 3-vdp_Deel4.pdf;MSHC0198
202119658 atelier Munro shirt 3-vdp_Deel5.pdf;MSHC0199;202119658 atelier Munro shirt 3-vdp_Deel6.pdf;'''''
202119658 atelier Munro shirt 3-vdp_Deel7.pdf;''''';leeg.pdf;0
202119658 atelier Munro shirt 3-vdp_Deel1.pdf;MSHC0195;202119658 atelier Munro shirt 3-vdp_Deel2.pdf;MSHC0196
202119658 atelier Munro shirt 3-vdp_Deel3.pdf;MSHC0197;202119658 atelier Munro shirt 3-vdp_Deel4.pdf;MSHC0198
202119658 atelier Munro shirt 3-vdp_Deel5.pdf;MSHC0199;202119658 atelier Munro shirt 3-vdp_Deel6.pdf;'''''
202119658 atelier Munro shirt 3-vdp_Deel7.pdf;''''';leeg.pdf;0
202119658 atelier Munro shirt 3-vdp_Deel1.pdf;MSHC0195;202119658 atelier Munro shirt 3-vdp_Deel2.pdf;MSHC0196
202119658 atelier Munro shirt 3-vdp_Deel3.pdf;MSHC0197;202119658 atelier Munro shirt 3-vdp_Deel4.pdf;MSHC0198
202119658 atelier Munro shirt 3-vdp_Deel5.pdf;MSHC0199;202119658 atelier Munro shirt 3-vdp_Deel6.pdf;'''''
202119658 atelier Munro shirt 3-vdp_Deel7.pdf;''''';leeg.pdf;0
202119658 atelier Munro shirt 3-vdp_Deel1.pdf;MSHC0195;202119658 atelier Munro shirt 3-vdp_Deel2.pdf;MSHC0196
202119658 atelier Munro shirt 3-vdp_Deel3.pdf;MSHC0197;202119658 atelier Munro shirt 3-vdp_Deel4.pdf;MSHC0198
202119658 atelier Munro shirt 3-vdp_Deel5.pdf;MSHC0199;202119658 atelier Munro shirt 3-vdp_Deel6.pdf;'''''
202119658 atelier Munro shirt 3-vdp_Deel7.pdf;''''';leeg.pdf;0
202119658 atelier Munro shirt 3-vdp_Deel1.pdf;MSHC0195;202119658 atelier Munro shirt 3-vdp_Deel2.pdf;MSHC0196
202119658 atelier Munro shirt 3-vdp_Deel3.pdf;MSHC0197;202119658 atelier Munro shirt 3-vdp_Deel4.pdf;MSHC0198
202119658 atelier Munro shirt 3-vdp_Deel5.pdf;MSHC0199;202119658 atelier Munro shirt 3-vdp_Deel6.pdf;'''''
202119658 atelier Munro shirt 3-vdp_Deel7.pdf;''''';leeg.pdf;0
202119658 atelier Munro shirt 3-vdp_Deel1.pdf;MSHC0195;202119658 atelier Munro shirt 3-vdp_Deel2.pdf;MSHC0196
202119658 atelier Munro shirt 3-vdp_Deel3.pdf;MSHC0197;202119658 atelier Munro shirt 3-vdp_Deel4.pdf;MSHC0198
202119658 atelier Munro shirt 3-vdp_Deel5.pdf;MSHC0199;202119658 atelier Munro shirt 3-vdp_Deel6.pdf;'''''
202119658 atelier Munro shirt 3-vdp_Deel7.pdf;''''';leeg.pdf;0
202119658 atelier Munro shirt 3-vdp_Deel1.pdf;MSHC0195;202119658 atelier Munro shirt 3-vdp_Deel2.pdf;MSHC0196
202119658 atelier Munro shirt 3-vdp_Deel3.pdf;MSHC0197;202119658 atelier Munro shirt 3-vdp_Deel4.pdf;MSHC0198
202119658 atelier Munro shirt 3-vdp_Deel5.pdf;MSHC0199;202119658 atelier Munro shirt 3-vdp_Deel6.pdf;'''''
202119658 atelier Munro shirt 3-vdp_Deel7.pdf;''''';leeg.pdf;0
202119658 atelier Munro shirt 3-vdp_Deel1.pdf;MSHC0195;202119658 atelier Munro shirt 3-vdp_Deel2.pdf;MSHC0196
202119658 atelier Munro shirt 3-vdp_Deel3.pdf;MSHC0197;202119658 atelier Munro shirt 3-vdp_Deel4.pdf;MSHC0198
202119658 atelier Munro shirt 3-vdp_Deel5.pdf;MSHC0199;202119658 atelier Munro shirt 3-vdp_Deel6.pdf;'''''
202119658 atelier Munro shirt 3-vdp_Deel7.pdf;''''';leeg.pdf;0
202119658 atelier Munro shirt 3-vdp_Deel1.pdf;MSHC0195;202119658 atelier Munro shirt 3-vdp_Deel2.pdf;MSHC0196
202119658 atelier Munro shirt 3-vdp_Deel3.pdf;MSHC0197;202119658 atelier Munro shirt 3-vdp_Deel4.pdf;MSHC0198
202119658 atelier Munro shirt 3-vdp_Deel5.pdf;MSHC0199;202119658 atelier Munro shirt 3-vdp_Deel6.pdf;'''''
202119658 atelier Munro shirt 3-vdp_Deel7.pdf;''''';leeg.pdf;0
202119658 atelier Munro shirt 3-vdp_Deel1.pdf;MSHC0195;202119658 atelier Munro shirt 3-vdp_Deel2.pdf;MSHC0196
202119658 atelier Munro shirt 3-vdp_Deel3.pdf;MSHC0197;202119658 atelier Munro shirt 3-vdp_Deel4.pdf;MSHC0198
202119658 atelier Munro shirt 3-vdp_Deel5.pdf;MSHC0199;202119658 atelier Munro shirt 3-vdp_Deel6.pdf;'''''
202119658 atelier Munro shirt 3-vdp_Deel7.pdf;''''';leeg.pdf;0
202119658 atelier Munro shirt 3-vdp_Deel1.pdf;MSHC0195;202119658 atelier Munro shirt 3-vdp_Deel2.pdf;MSHC0196
202119658 atelier Munro shirt 3-vdp_Deel3.pdf;MSHC0197;202119658 atelier Munro shirt 3-vdp_Deel4.pdf;MSHC0198
202119658 atelier Munro shirt 3-vdp_Deel5.pdf;MSHC0199;202119658 atelier Munro shirt 3-vdp_Deel6.pdf;'''''
202119658 atelier Munro shirt 3-vdp_Deel7.pdf;''''';leeg.pdf;0
202119658 atelier Munro shirt 3-vdp_Deel1.pdf;MSHC0195;202119658 atelier Munro shirt 3-vdp_Deel2.pdf;MSHC0196
202119658 atelier Munro shirt 3-vdp_Deel3.pdf;MSHC0197;202119658 atelier Munro shirt 3-vdp_Deel4.pdf;MSHC0198
202119658 atelier Munro shirt 3-vdp_Deel5.pdf;MSHC0199;202119658 atelier Munro shirt 3-vdp_Deel6.pdf;'''''
202119658 atelier Munro shirt 3-vdp_Deel7.pdf;''''';leeg.pdf;0
202119658 atelier Munro shirt 3-vdp_Deel1.pdf;MSHC0195;202119658 atelier Munro shirt 3-vdp_Deel2.pdf;MSHC0196
202119658 atelier Munro shirt 3-vdp_Deel3.pdf;MSHC0197;202119658 atelier Munro shirt 3-vdp_Deel4.pdf;MSHC0198
202119658 atelier Munro shirt 3-vdp_Deel5.pdf;MSHC0199;202119658 atelier Munro shirt 3-vdp_Deel6.pdf;'''''
202119658 atelier Munro shirt 3-vdp_Deel7.pdf;''''';leeg.pdf;0
202119658 atelier Munro shirt 3-vdp_Deel1.pdf;MSHC0195;202119658 atelier Munro shirt 3-vdp_Deel2.pdf;MSHC0196
202119658 atelier Munro shirt 3-vdp_Deel3.pdf;MSHC0197;202119658 atelier Munro shirt 3-vdp_Deel4.pdf;MSHC0198
202119658 atelier Munro shirt 3-vdp_Deel5.pdf;MSHC0199;202119658 atelier Munro shirt 3-vdp_Deel6.pdf;'''''
202119658 atelier Munro shirt 3-vdp_Deel7.pdf;''''';leeg.pdf;0
202119658 atelier Munro shirt 3-vdp_Deel1.pdf;MSHC0195;202119658 atelier Munro shirt 3-vdp_Deel2.pdf;MSHC0196
202119658 atelier Munro shirt 3-vdp_Deel3.pdf;MSHC0197;202119658 atelier Munro shirt 3-vdp_Deel4.pdf;MSHC0198
202119658 atelier Munro shirt 3-vdp_Deel5.pdf;MSHC0199;202119658 atelier Munro shirt 3-vdp_Deel6.pdf;'''''
202119658 atelier Munro shirt 3-vdp_Deel7.pdf;''''';leeg.pdf;0
202119658 atelier Munro shirt 3-vdp_Deel1.pdf;MSHC0195;202119658 atelier Munro shirt 3-vdp_Deel2.pdf;MSHC0196
202119658 atelier Munro shirt 3-vdp_Deel3.pdf;MSHC0197;202119658 atelier Munro shirt 3-vdp_Deel4.pdf;MSHC0198
202119658 atelier Munro shirt 3-vdp_Deel5.pdf;MSHC0199;202119658 atelier Munro shirt 3-vdp_Deel6.pdf;'''''
202119658 atelier Munro shirt 3-vdp_Deel7.pdf;''''';leeg.pdf;0
202119658 atelier Munro shirt 3-vdp_Deel1.pdf;MSHC0195;202119658 atelier Munro shirt 3-vdp_Deel2.pdf;MSHC0196
202119658 atelier Munro shirt 3-vdp_Deel3.pdf;MSHC0197;202119658 atelier Munro shirt 3-vdp_Deel4.pdf;MSHC0198
202119658 atelier Munro shirt 3-vdp_Deel5.pdf;MSHC0199;202119658 atelier Munro shirt 3-vdp_Deel6.pdf;'''''
202119658 atelier Munro shirt 3-vdp_Deel7.pdf;''''';leeg.pdf;0
202119658 atelier Munro shirt 3-vdp_Deel1.pdf;MSHC0195;202119658 atelier Munro shirt 3-vdp_Deel2.pdf;MSHC0196
202119658 atelier Munro shirt 3-vdp_Deel3.pdf;MSHC0197;202119658 atelier Munro shirt 3-vdp_Deel4.pdf;MSHC0198
202119658 atelier Munro shirt 3-vdp_Deel5.pdf;MSHC0199;202119658 atelier Munro shirt 3-vdp_Deel6.pdf;'''''
202119658 atelier Munro shirt 3-vdp_Deel7.pdf;''''';leeg.pdf;0
202119658 atelier Munro shirt 3-vdp_Deel1.pdf;MSHC0195;202119658 atelier Munro shirt 3-vdp_Deel2.pdf;MSHC0196
202119658 atelier Munro shirt 3-vdp_Deel3.pdf;MSHC0197;202119658 atelier Munro shirt 3-vdp_Deel4.pdf;MSHC0198
202119658 atelier Munro shirt 3-vdp_Deel5.pdf;MSHC0199;202119658 atelier Munro shirt 3-vdp_Deel6.pdf;'''''
202119658 atelier Munro shirt 3-vdp_Deel7.pdf;''''';leeg.pdf;0
202119658 atelier Munro shirt 3-vdp_Deel1.pdf;MSHC0195;202119658 atelier Munro shirt 3-vdp_Deel2.pdf;MSHC0196
202119658 atelier Munro shirt 3-vdp_Deel3.pdf;MSHC0197;202119658 atelier Munro shirt 3-vdp_Deel4.pdf;MSHC0198
202119658 atelier Munro shirt 3-vdp_Deel5.pdf;MSHC0199;202119658 atelier Munro shirt 3-vdp_Deel6.pdf;'''''
202119658 atelier Munro shirt 3-vdp_Deel7.pdf;''''';leeg.pdf;0
202119658 atelier Munro shirt 3-vdp_Deel1.pdf;MSHC0195;202119658 atelier Munro shirt 3-vdp_Deel2.pdf;MSHC0196
202119658 atelier Munro shirt 3-vdp_Deel3.pdf;MSHC0197;202119658 atelier Munro shirt 3-vdp_Deel4.pdf;MSHC0198
202119658 atelier Munro shirt 3-vdp_Deel5.pdf;MSHC0199;202119658 atelier Munro shirt 3-vdp_Deel6.pdf;'''''
202119658 atelier Munro shirt 3-vdp_Deel7.pdf;''''';leeg.pdf;0
202119658 atelier Munro shirt 3-vdp_Deel1.pdf;MSHC0195;202119658 atelier Munro shirt 3-vdp_Deel2.pdf;MSHC0196
202119658 atelier Munro shirt 3-vdp_Deel3.pdf;MSHC0197;202119658 atelier Munro shirt 3-vdp_Deel4.pdf;MSHC0198
202119658 atelier Munro shirt 3-vdp_Deel5.pdf;MSHC0199;202119658 atelier Munro shirt 3-vdp_Deel6.pdf;'''''
202119658 atelier Munro shirt 3-vdp_Deel7.pdf;''''';leeg.pdf;0
202119658 atelier Munro shirt 3-vdp_Deel1.pdf;MSHC0195;202119658 atelier Munro shirt 3-vdp_Deel2.pdf;MSHC0196
202119658 atelier Munro shirt 3-vdp_Deel3.pdf;MSHC0197;202119658 atelier Munro shirt 3-vdp_Deel4.pdf;MSHC0198
202119658 atelier Munro shirt 3-vdp_Deel5.pdf;MSHC0199;202119658 atelier Munro shirt 3-vdp_Deel6.pdf;'''''
202119658 atelier Munro shirt 3-vdp_Deel7.pdf;''''';leeg.pdf;0
202119658 atelier Munro shirt 3-vdp_Deel1.pdf;MSHC0195;202119658 atelier Munro shirt 3-vdp_Deel2.pdf;MSHC0196
202119658 atelier Munro shirt 3-vdp_Deel3.pdf;MSHC0197;202119658 atelier Munro shirt 3-vdp_Deel4.pdf;MSHC0198
202119658 atelier Munro shirt 3-vdp_Deel5.pdf;MSHC0199;202119658 atelier Munro shirt 3-vdp_Deel6.pdf;'''''
202119658 atelier Munro shirt 3-vdp_Deel7.pdf;''''';leeg.pdf;0
202119658 atelier Munro shirt 3-vdp_Deel1.pdf;MSHC0195;202119658 atelier Munro shirt 3-vdp_Deel2.pdf;MSHC0196
202119658 atelier Munro shirt 3-vdp_Deel3.pdf;MSHC0197;202119658 atelier Munro shirt 3-vdp_Deel4.pdf;MSHC0198
202119658 atelier Munro shirt 3-vdp_Deel5.pdf;MSHC0199;202119658 atelier Munro shirt 3-vdp_Deel6.pdf;'''''
202119658 atelier Munro shirt 3-vdp_Deel7.pdf;''''';leeg.pdf;0
202119658 atelier Munro shirt 3-vdp_Deel1.pdf;MSHC0195;202119658 atelier Munro shirt 3-vdp_Deel2.pdf;MSHC0196
202119658 atelier Munro shirt 3-vdp_Deel3.pdf;MSHC0197;202119658 atelier Munro shirt 3-vdp_Deel4.pdf;MSHC0198
202119658 atelier Munro shirt 3-vdp_Deel5.pdf;MSHC0199;202119658 atelier Munro shirt 3-vdp_Deel6.pdf;'''''
202119658 atelier Munro shirt 3-vdp_Deel7.pdf;''''';leeg.pdf;0
202119658 atelier Munro shirt 3-vdp_Deel1.pdf;MSHC0195;202119658 atelier Munro shirt 3-vdp_Deel2.pdf;MSHC0196
202119658 atelier Munro shirt 3-vdp_Deel3.pdf;MSHC0197;202119658 atelier Munro shirt 3-vdp_Deel4.pdf;MSHC0198
202119658 atelier Munro shirt 3-vdp_Deel5.pdf;MSHC0199;202119658 atelier Munro shirt 3-vdp_Deel6.pdf;'''''
202119658 atelier Munro shirt 3-vdp_Deel7.pdf;''''';leeg.pdf;0
202119658 atelier Munro shirt 3-vdp_Deel1.pdf;MSHC0195;202119658 atelier Munro shirt 3-vdp_Deel2.pdf;MSHC0196
202119658 atelier Munro shirt 3-vdp_Deel3.pdf;MSHC0197;202119658 atelier Munro shirt 3-vdp_Deel4.pdf;MSHC0198
202119658 atelier Munro shirt 3-vdp_Deel5.pdf;MSHC0199;202119658 atelier Munro shirt 3-vdp_Deel6.pdf;'''''
202119658 atelier Munro shirt 3-vdp_Deel7.pdf;''''';leeg.pdf;0
202119658 atelier Munro shirt 3-vdp_Deel1.pdf;MSHC0195;202119658 atelier Munro shirt 3-vdp_Deel2.pdf;MSHC0196
202119658 atelier Munro shirt 3-vdp_Deel3.pdf;MSHC0197;202119658 atelier Munro shirt 3-vdp_Deel4.pdf;MSHC0198
202119658 atelier Munro shirt 3-vdp_Deel5.pdf;MSHC0199;202119658 atelier Munro shirt 3-vdp_Deel6.pdf;'''''
202119658 atelier Munro shirt 3-vdp_Deel7.pdf;''''';leeg.pdf;0
202119658 atelier Munro shirt 3-vdp_Deel1.pdf;MSHC0195;202119658 atelier Munro shirt 3-vdp_Deel2.pdf;MSHC0196
202119658 atelier Munro shirt 3-vdp_Deel3.pdf;MSHC0197;202119658 atelier Munro shirt 3-vdp_Deel4.pdf;MSHC0198
202119658 atelier Munro shirt 3-vdp_Deel5.pdf;MSHC0199;202119658 atelier Munro shirt 3-vdp_Deel6.pdf;'''''
202119658 atelier Munro shirt 3-vdp_Deel7.pdf;''''';leeg.pdf;0
202119658 atelier Munro shirt 3-vdp_Deel1.pdf;MSHC0195;202119658 atelier Munro shirt 3-vdp_Deel2.pdf;MSHC0196
202119658 atelier Munro shirt 3-vdp_Deel3.pdf;MSHC0197;202119658 atelier Munro shirt 3-vdp_Deel4.pdf;MSHC0198
202119658 atelier Munro shirt 3-vdp_Deel5.pdf;MSHC0199;202119658 atelier Munro shirt 3-vdp_Deel6.pdf;'''''
202119658 atelier Munro shirt 3-vdp_Deel7.pdf;''''';leeg.pdf;0
202119658 atelier Munro shirt 3-vdp_Deel1.pdf;MSHC0195;202119658 atelier Munro shirt 3-vdp_Deel2.pdf;MSHC0196
202119658 atelier Munro shirt 3-vdp_Deel3.pdf;MSHC0197;202119658 atelier Munro shirt 3-vdp_Deel4.pdf;MSHC0198
202119658 atelier Munro shirt 3-vdp_Deel5.pdf;MSHC0199;202119658 atelier Munro shirt 3-vdp_Deel6.pdf;'''''
202119658 atelier Munro shirt 3-vdp_Deel7.pdf;''''';leeg.pdf;0
202119658 atelier Munro shirt 3-vdp_Deel1.pdf;MSHC0195;202119658 atelier Munro shirt 3-vdp_Deel2.pdf;MSHC0196
202119658 atelier Munro shirt 3-vdp_Deel3.pdf;MSHC0197;202119658 atelier Munro shirt 3-vdp_Deel4.pdf;MSHC0198
202119658 atelier Munro shirt 3-vdp_Deel5.pdf;MSHC0199;202119658 atelier Munro shirt 3-vdp_Deel6.pdf;'''''
202119658 atelier Munro shirt 3-vdp_Deel7.pdf;''''';leeg.pdf;0
202119658 atelier Munro shirt 3-vdp_Deel1.pdf;MSHC0195;202119658 atelier Munro shirt 3-vdp_Deel2.pdf;MSHC0196
202119658 atelier Munro shirt 3-vdp_Deel3.pdf;MSHC0197;202119658 atelier Munro shirt 3-vdp_Deel4.pdf;MSHC0198
202119658 atelier Munro shirt 3-vdp_Deel5.pdf;MSHC0199;202119658 atelier Munro shirt 3-vdp_Deel6.pdf;'''''
202119658 atelier Munro shirt 3-vdp_Deel7.pdf;''''';leeg.pdf;0
202119658 atelier Munro shirt 3-vdp_Deel1.pdf;MSHC0195;202119658 atelier Munro shirt 3-vdp_Deel2.pdf;MSHC0196
202119658 atelier Munro shirt 3-vdp_Deel3.pdf;MSHC0197;202119658 atelier Munro shirt 3-vdp_Deel4.pdf;MSHC0198
202119658 atelier Munro shirt 3-vdp_Deel5.pdf;MSHC0199;202119658 atelier Munro shirt 3-vdp_Deel6.pdf;'''''
202119658 atelier Munro shirt 3-vdp_Deel7.pdf;''''';leeg.pdf;0
202119658 atelier Munro shirt 3-vdp_Deel1.pdf;MSHC0195;202119658 atelier Munro shirt 3-vdp_Deel2.pdf;MSHC0196
202119658 atelier Munro shirt 3-vdp_Deel3.pdf;MSHC0197;202119658 atelier Munro shirt 3-vdp_Deel4.pdf;MSHC0198
202119658 atelier Munro shirt 3-vdp_Deel5.pdf;MSHC0199;202119658 atelier Munro shirt 3-vdp_Deel6.pdf;'''''
202119658 atelier Munro shirt 3-vdp_Deel7.pdf;''''';leeg.pdf;0
202119658 atelier Munro shirt 3-vdp_Deel1.pdf;MSHC0195;202119658 atelier Munro shirt 3-vdp_Deel2.pdf;MSHC0196
202119658 atelier Munro shirt 3-vdp_Deel3.pdf;MSHC0197;202119658 atelier Munro shirt 3-vdp_Deel4.pdf;MSHC0198
202119658 atelier Munro shirt 3-vdp_Deel5.pdf;MSHC0199;202119658 atelier Munro shirt 3-vdp_Deel6.pdf;'''''
202119658 atelier Munro shirt 3-vdp_Deel7.pdf;''''';leeg.pdf;0
202119658 atelier Munro shirt 3-vdp_Deel1.pdf;MSHC0195;202119658 atelier Munro shirt 3-vdp_Deel2.pdf;MSHC0196
202119658 atelier Munro shirt 3-vdp_Deel3.pdf;MSHC0197;202119658 atelier Munro shirt 3-vdp_Deel4.pdf;MSHC0198
202119658 atelier Munro shirt 3-vdp_Deel5.pdf;MSHC0199;202119658 atelier Munro shirt 3-vdp_Deel6.pdf;'''''
202119658 atelier Munro shirt 3-vdp_Deel7.pdf;''''';leeg.pdf;0
202119658 atelier Munro shirt 3-vdp_Deel1.pdf;MSHC0195;202119658 atelier Munro shirt 3-vdp_Deel2.pdf;MSHC0196
202119658 atelier Munro shirt 3-vdp_Deel3.pdf;MSHC0197;202119658 atelier Munro shirt 3-vdp_Deel4.pdf;MSHC0198
202119658 atelier Munro shirt 3-vdp_Deel5.pdf;MSHC0199;202119658 atelier Munro shirt 3-vdp_Deel6.pdf;'''''
202119658 atelier Munro shirt 3-vdp_Deel7.pdf;''''';leeg.pdf;0
202119658 atelier Munro shirt 3-vdp_Deel1.pdf;MSHC0195;202119658 atelier Munro shirt 3-vdp_Deel2.pdf;MSHC0196
202119658 atelier Munro shirt 3-vdp_Deel3.pdf;MSHC0197;202119658 atelier Munro shirt 3-vdp_Deel4.pdf;MSHC0198
202119658 atelier Munro shirt 3-vdp_Deel5.pdf;MSHC0199;202119658 atelier Munro shirt 3-vdp_Deel6.pdf;'''''
202119658 atelier Munro shirt 3-vdp_Deel7.pdf;''''';leeg.pdf;0
202119658 atelier Munro shirt 3-vdp_Deel1.pdf;MSHC0195;202119658 atelier Munro shirt 3-vdp_Deel2.pdf;MSHC0196
202119658 atelier Munro shirt 3-vdp_Deel3.pdf;MSHC0197;202119658 atelier Munro shirt 3-vdp_Deel4.pdf;MSHC0198
202119658 atelier Munro shirt 3-vdp_Deel5.pdf;MSHC0199;202119658 atelier Munro shirt 3-vdp_Deel6.pdf;'''''
202119658 atelier Munro shirt 3-vdp_Deel7.pdf;''''';leeg.pdf;0
202119658 atelier Munro shirt 3-vdp_Deel1.pdf;MSHC0195;202119658 atelier Munro shirt 3-vdp_Deel2.pdf;MSHC0196
202119658 atelier Munro shirt 3-vdp_Deel3.pdf;MSHC0197;202119658 atelier Munro shirt 3-vdp_Deel4.pdf;MSHC0198
202119658 atelier Munro shirt 3-vdp_Deel5.pdf;MSHC0199;202119658 atelier Munro shirt 3-vdp_Deel6.pdf;'''''
202119658 atelier Munro shirt 3-vdp_Deel7.pdf;''''';leeg.pdf;0
202119658 atelier Munro shirt 3-vdp_Deel1.pdf;MSHC0195;202119658 atelier Munro shirt 3-vdp_Deel2.pdf;MSHC0196
202119658 atelier Munro shirt 3-vdp_Deel3.pdf;MSHC0197;202119658 atelier Munro shirt 3-vdp_Deel4.pdf;MSHC0198
202119658 atelier Munro shirt 3-vdp_Deel5.pdf;MSHC0199;202119658 atelier Munro shirt 3-vdp_Deel6.pdf;'''''
202119658 atelier Munro shirt 3-vdp_Deel7.pdf;''''';leeg.pdf;0
202119658 atelier Munro shirt 3-vdp_Deel1.pdf;MSHC0195;202119658 atelier Munro shirt 3-vdp_Deel2.pdf;MSHC0196
202119658 atelier Munro shirt 3-vdp_Deel3.pdf;MSHC0197;202119658 atelier Munro shirt 3-vdp_Deel4.pdf;MSHC0198
202119658 atelier Munro shirt 3-vdp_Deel5.pdf;MSHC0199;202119658 atelier Munro shirt 3-vdp_Deel6.pdf;'''''
202119658 atelier Munro shirt 3-vdp_Deel7.pdf;''''';leeg.pdf;0
202119658 atelier Munro shirt 3-vdp_Deel1.pdf;MSHC0195;202119658 atelier Munro shirt 3-vdp_Deel2.pdf;MSHC0196
202119658 atelier Munro shirt 3-vdp_Deel3.pdf;MSHC0197;202119658 atelier Munro shirt 3-vdp_Deel4.pdf;MSHC0198
202119658 atelier Munro shirt 3-vdp_Deel5.pdf;MSHC0199;202119658 atelier Munro shirt 3-vdp_Deel6.pdf;'''''
202119658 atelier Munro shirt 3-vdp_Deel7.pdf;''''';leeg.pdf;0
202119658 atelier Munro shirt 3-vdp_Deel1.pdf;MSHC0195;202119658 atelier Munro shirt 3-vdp_Deel2.pdf;MSHC0196
202119658 atelier Munro shirt 3-vdp_Deel3.pdf;MSHC0197;202119658 atelier Munro shirt 3-vdp_Deel4.pdf;MSHC0198
202119658 atelier Munro shirt 3-vdp_Deel5.pdf;MSHC0199;202119658 atelier Munro shirt 3-vdp_Deel6.pdf;'''''
202119658 atelier Munro shirt 3-vdp_Deel7.pdf;''''';leeg.pdf;0
202119658 atelier Munro shirt 3-vdp_Deel1.pdf;MSHC0195;202119658 atelier Munro shirt 3-vdp_Deel2.pdf;MSHC0196
202119658 atelier Munro shirt 3-vdp_Deel3.pdf;MSHC0197;202119658 atelier Munro shirt 3-vdp_Deel4.pdf;MSHC0198
202119658 atelier Munro shirt 3-vdp_Deel5.pdf;MSHC0199;202119658 atelier Munro shirt 3-vdp_Deel6.pdf;'''''
202119658 atelier Munro shirt 3-vdp_Deel7.pdf;''''';leeg.pdf;0
202119658 atelier Munro shirt 3-vdp_Deel1.pdf;MSHC0195;202119658 atelier Munro shirt 3-vdp_Deel2.pdf;MSHC0196
202119658 atelier Munro shirt 3-vdp_Deel3.pdf;MSHC0197;202119658 atelier Munro shirt 3-vdp_Deel4.pdf;MSHC0198
202119658 atelier Munro shirt 3-vdp_Deel5.pdf;MSHC0199;202119658 atelier Munro shirt 3-vdp_Deel6.pdf;'''''
202119658 atelier Munro shirt 3-vdp_Deel7.pdf;''''';leeg.pdf;0
202119658 atelier Munro shirt 3-vdp_Deel1.pdf;MSHC0195;202119658 atelier Munro shirt 3-vdp_Deel2.pdf;MSHC0196
202119658 atelier Munro shirt 3-vdp_Deel3.pdf;MSHC0197;202119658 atelier Munro shirt 3-vdp_Deel4.pdf;MSHC0198
202119658 atelier Munro shirt 3-vdp_Deel5.pdf;MSHC0199;202119658 atelier Munro shirt 3-vdp_Deel6.pdf;'''''
202119658 atelier Munro shirt 3-vdp_Deel7.pdf;''''';leeg.pdf;0
202119658 atelier Munro shirt 3-vdp_Deel1.pdf;MSHC0195;202119658 atelier Munro shirt 3-vdp_Deel2.pdf;MSHC0196
202119658 atelier Munro shirt 3-vdp_Deel3.pdf;MSHC0197;202119658 atelier Munro shirt 3-vdp_Deel4.pdf;MSHC0198
202119658 atelier Munro shirt 3-vdp_Deel5.pdf;MSHC0199;202119658 atelier Munro shirt 3-vdp_Deel6.pdf;'''''
202119658 atelier Munro shirt 3-vdp_Deel7.pdf;''''';leeg.pdf;0
202119658 atelier Munro shirt 3-vdp_Deel1.pdf;MSHC0195;202119658 atelier Munro shirt 3-vdp_Deel2.pdf;MSHC0196
202119658 atelier Munro shirt 3-vdp_Deel3.pdf;MSHC0197;202119658 atelier Munro shirt 3-vdp_Deel4.pdf;MSHC0198
202119658 atelier Munro shirt 3-vdp_Deel5.pdf;MSHC0199;202119658 atelier Munro shirt 3-vdp_Deel6.pdf;'''''
202119658 atelier Munro shirt 3-vdp_Deel7.pdf;''''';leeg.pdf;0
202119658 atelier Munro shirt 3-vdp_Deel1.pdf;MSHC0195;202119658 atelier Munro shirt 3-vdp_Deel2.pdf;MSHC0196
202119658 atelier Munro shirt 3-vdp_Deel3.pdf;MSHC0197;202119658 atelier Munro shirt 3-vdp_Deel4.pdf;MSHC0198
202119658 atelier Munro shirt 3-vdp_Deel5.pdf;MSHC0199;202119658 atelier Munro shirt 3-vdp_Deel6.pdf;'''''
202119658 atelier Munro shirt 3-vdp_Deel7.pdf;''''';leeg.pdf;0
202119658 atelier Munro shirt 3-vdp_Deel1.pdf;MSHC0195;202119658 atelier Munro shirt 3-vdp_Deel2.pdf;MSHC0196
202119658 atelier Munro shirt 3-vdp_Deel3.pdf;MSHC0197;202119658 atelier Munro shirt 3-vdp_Deel4.pdf;MSHC0198
202119658 atelier Munro shirt 3-vdp_Deel5.pdf;MSHC0199;202119658 atelier Munro shirt 3-vdp_Deel6.pdf;'''''
202119658 atelier Munro shirt 3-vdp_Deel7.pdf;''''';leeg.pdf;0
202119658 atelier Munro shirt 3-vdp_Deel1.pdf;MSHC0195;202119658 atelier Munro shirt 3-vdp_Deel2.pdf;MSHC0196
202119658 atelier Munro shirt 3-vdp_Deel3.pdf;MSHC0197;202119658 atelier Munro shirt 3-vdp_Deel4.pdf;MSHC0198
202119658 atelier Munro shirt 3-vdp_Deel5.pdf;MSHC0199;202119658 atelier Munro shirt 3-vdp_Deel6.pdf;'''''
202119658 atelier Munro shirt 3-vdp_Deel7.pdf;''''';leeg.pdf;0
202119658 atelier Munro shirt 3-vdp_Deel1.pdf;MSHC0195;202119658 atelier Munro shirt 3-vdp_Deel2.pdf;MSHC0196
202119658 atelier Munro shirt 3-vdp_Deel3.pdf;MSHC0197;202119658 atelier Munro shirt 3-vdp_Deel4.pdf;MSHC0198
202119658 atelier Munro shirt 3-vdp_Deel5.pdf;MSHC0199;202119658 atelier Munro shirt 3-vdp_Deel6.pdf;'''''
202119658 atelier Munro shirt 3-vdp_Deel7.pdf;''''';leeg.pdf;0
202119658 atelier Munro shirt 3-vdp_Deel1.pdf;MSHC0195;202119658 atelier Munro shirt 3-vdp_Deel2.pdf;MSHC0196
202119658 atelier Munro shirt 3-vdp_Deel3.pdf;MSHC0197;202119658 atelier Munro shirt 3-vdp_Deel4.pdf;MSHC0198
202119658 atelier Munro shirt 3-vdp_Deel5.pdf;MSHC0199;202119658 atelier Munro shirt 3-vdp_Deel6.pdf;'''''
202119658 atelier Munro shirt 3-vdp_Deel7.pdf;''''';leeg.pdf;0
202119658 atelier Munro shirt 3-vdp_Deel1.pdf;MSHC0195;202119658 atelier Munro shirt 3-vdp_Deel2.pdf;MSHC0196
202119658 atelier Munro shirt 3-vdp_Deel3.pdf;MSHC0197;202119658 atelier Munro shirt 3-vdp_Deel4.pdf;MSHC0198
202119658 atelier Munro shirt 3-vdp_Deel5.pdf;MSHC0199;202119658 atelier Munro shirt 3-vdp_Deel6.pdf;'''''
202119658 atelier Munro shirt 3-vdp_Deel7.pdf;''''';leeg.pdf;0
202119658 atelier Munro shirt 3-vdp_Deel1.pdf;MSHC0195;202119658 atelier Munro shirt 3-vdp_Deel2.pdf;MSHC0196
202119658 atelier Munro shirt 3-vdp_Deel3.pdf;MSHC0197;202119658 atelier Munro shirt 3-vdp_Deel4.pdf;MSHC0198
202119658 atelier Munro shirt 3-vdp_Deel5.pdf;MSHC0199;202119658 atelier Munro shirt 3-vdp_Deel6.pdf;'''''
202119658 atelier Munro shirt 3-vdp_Deel7.pdf;''''';leeg.pdf;0
202119658 atelier Munro shirt 3-vdp_Deel1.pdf;MSHC0195;202119658 atelier Munro shirt 3-vdp_Deel2.pdf;MSHC0196
202119658 atelier Munro shirt 3-vdp_Deel3.pdf;MSHC0197;202119658 atelier Munro shirt 3-vdp_Deel4.pdf;MSHC0198
202119658 atelier Munro shirt 3-vdp_Deel5.pdf;MSHC0199;202119658 atelier Munro shirt 3-vdp_Deel6.pdf;'''''
202119658 atelier Munro shirt 3-vdp_Deel7.pdf;''''';leeg.pdf;0
202119658 atelier Munro shirt 3-vdp_Deel1.pdf;MSHC0195;202119658 atelier Munro shirt 3-vdp_Deel2.pdf;MSHC0196
202119658 atelier Munro shirt 3-vdp_Deel3.pdf;MSHC0197;202119658 atelier Munro shirt 3-vdp_Deel4.pdf;MSHC0198
202119658 atelier Munro shirt 3-vdp_Deel5.pdf;MSHC0199;202119658 atelier Munro shirt 3-vdp_Deel6.pdf;'''''
202119658 atelier Munro shirt 3-vdp_Deel7.pdf;''''';leeg.pdf;0
202119658 atelier Munro shirt 3-vdp_Deel1.pdf;MSHC0195;202119658 atelier Munro shirt 3-vdp_Deel2.pdf;MSHC0196
202119658 atelier Munro shirt 3-vdp_Deel3.pdf;MSHC0197;202119658 atelier Munro shirt 3-vdp_Deel4.pdf;MSHC0198
202119658 atelier Munro shirt 3-vdp_Deel5.pdf;MSHC0199;202119658 atelier Munro shirt 3-vdp_Deel6.pdf;'''''
202119658 atelier Munro shirt 3-vdp_Deel7.pdf;''''';leeg.pdf;0
202119658 atelier Munro shirt 3-vdp_Deel1.pdf;MSHC0195;202119658 atelier Munro shirt 3-vdp_Deel2.pdf;MSHC0196
202119658 atelier Munro shirt 3-vdp_Deel3.pdf;MSHC0197;202119658 atelier Munro shirt 3-vdp_Deel4.pdf;MSHC0198
202119658 atelier Munro shirt 3-vdp_Deel5.pdf;MSHC0199;202119658 atelier Munro shirt 3-vdp_Deel6.pdf;'''''
202119658 atelier Munro shirt 3-vdp_Deel7.pdf;''''';leeg.pdf;0
202119658 atelier Munro shirt 3-vdp_Deel1.pdf;MSHC0195;202119658 atelier Munro shirt 3-vdp_Deel2.pdf;MSHC0196
202119658 atelier Munro shirt 3-vdp_Deel3.pdf;MSHC0197;202119658 atelier Munro shirt 3-vdp_Deel4.pdf;MSHC0198
202119658 atelier Munro shirt 3-vdp_Deel5.pdf;MSHC0199;202119658 atelier Munro shirt 3-vdp_Deel6.pdf;'''''
202119658 atelier Munro shirt 3-vdp_Deel7.pdf;''''';leeg.pdf;0
202119658 atelier Munro shirt 3-vdp_Deel1.pdf;MSHC0195;202119658 atelier Munro shirt 3-vdp_Deel2.pdf;MSHC0196
202119658 atelier Munro shirt 3-vdp_Deel3.pdf;MSHC0197;202119658 atelier Munro shirt 3-vdp_Deel4.pdf;MSHC0198
202119658 atelier Munro shirt 3-vdp_Deel5.pdf;MSHC0199;202119658 atelier Munro shirt 3-vdp_Deel6.pdf;'''''
202119658 atelier Munro shirt 3-vdp_Deel7.pdf;''''';leeg.pdf;0
202119658 atelier Munro shirt 3-vdp_Deel1.pdf;MSHC0195;202119658 atelier Munro shirt 3-vdp_Deel2.pdf;MSHC0196
202119658 atelier Munro shirt 3-vdp_Deel3.pdf;MSHC0197;202119658 atelier Munro shirt 3-vdp_Deel4.pdf;MSHC0198
202119658 atelier Munro shirt 3-vdp_Deel5.pdf;MSHC0199;202119658 atelier Munro shirt 3-vdp_Deel6.pdf;'''''
202119658 atelier Munro shirt 3-vdp_Deel7.pdf;''''';leeg.pdf;0
202119658 atelier Munro shirt 3-vdp_Deel1.pdf;MSHC0195;202119658 atelier Munro shirt 3-vdp_Deel2.pdf;MSHC0196
202119658 atelier Munro shirt 3-vdp_Deel3.pdf;MSHC0197;202119658 atelier Munro shirt 3-vdp_Deel4.pdf;MSHC0198
202119658 atelier Munro shirt 3-vdp_Deel5.pdf;MSHC0199;202119658 atelier Munro shirt 3-vdp_Deel6.pdf;'''''
202119658 atelier Munro shirt 3-vdp_Deel7.pdf;''''';leeg.pdf;0
202119658 atelier Munro shirt 3-vdp_Deel1.pdf;MSHC0195;202119658 atelier Munro shirt 3-vdp_Deel2.pdf;MSHC0196
202119658 atelier Munro shirt 3-vdp_Deel3.pdf;MSHC0197;202119658 atelier Munro shirt 3-vdp_Deel4.pdf;MSHC0198
202119658 atelier Munro shirt 3-vdp_Deel5.pdf;MSHC0199;202119658 atelier Munro shirt 3-vdp_Deel6.pdf;'''''
202119658 atelier Munro shirt 3-vdp_Deel7.pdf;''''';leeg.pdf;0
202119658 atelier Munro shirt 3-vdp_Deel1.pdf;MSHC0195;202119658 atelier Munro shirt 3-vdp_Deel2.pdf;MSHC0196
202119658 atelier Munro shirt 3-vdp_Deel3.pdf;MSHC0197;202119658 atelier Munro shirt 3-vdp_Deel4.pdf;MSHC0198
202119658 atelier Munro shirt 3-vdp_Deel5.pdf;MSHC0199;202119658 atelier Munro shirt 3-vdp_Deel6.pdf;'''''
202119658 atelier Munro shirt 3-vdp_Deel7.pdf;''''';leeg.pdf;0
202119658 atelier Munro shirt 3-vdp_Deel1.pdf;MSHC0195;202119658 atelier Munro shirt 3-vdp_Deel2.pdf;MSHC0196
202119658 atelier Munro shirt 3-vdp_Deel3.pdf;MSHC0197;202119658 atelier Munro shirt 3-vdp_Deel4.pdf;MSHC0198
202119658 atelier Munro shirt 3-vdp_Deel5.pdf;MSHC0199;202119658 atelier Munro shirt 3-vdp_Deel6.pdf;'''''
202119658 atelier Munro shirt 3-vdp_Deel7.pdf;''''';leeg.pdf;0
202119658 atelier Munro shirt 3-vdp_Deel1.pdf;MSHC0195;202119658 atelier Munro shirt 3-vdp_Deel2.pdf;MSHC0196
202119658 atelier Munro shirt 3-vdp_Deel3.pdf;MSHC0197;202119658 atelier Munro shirt 3-vdp_Deel4.pdf;MSHC0198
202119658 atelier Munro shirt 3-vdp_Deel5.pdf;MSHC0199;202119658 atelier Munro shirt 3-vdp_Deel6.pdf;'''''
202119658 atelier Munro shirt 3-vdp_Deel7.pdf;''''';leeg.pdf;0
202119658 atelier Munro shirt 3-vdp_Deel1.pdf;MSHC0195;202119658 atelier Munro shirt 3-vdp_Deel2.pdf;MSHC0196
202119658 atelier Munro shirt 3-vdp_Deel3.pdf;MSHC0197;202119658 atelier Munro shirt 3-vdp_Deel4.pdf;MSHC0198
202119658 atelier Munro shirt 3-vdp_Deel5.pdf;MSHC0199;202119658 atelier Munro shirt 3-vdp_Deel6.pdf;'''''
202119658 atelier Munro shirt 3-vdp_Deel7.pdf;''''';leeg.pdf;0
202119658 atelier Munro shirt 3-vdp_Deel1.pdf;MSHC0195;202119658 atelier Munro shirt 3-vdp_Deel2.pdf;MSHC0196
202119658 atelier Munro shirt 3-vdp_Deel3.pdf;MSHC0197;202119658 atelier Munro shirt 3-vdp_Deel4.pdf;MSHC0198
202119658 atelier Munro shirt 3-vdp_Deel5.pdf;MSHC0199;202119658 atelier Munro shirt 3-vdp_Deel6.pdf;'''''
202119658 atelier Munro shirt 3-vdp_Deel7.pdf;''''';leeg.pdf;0
202119658 atelier Munro shirt 3-vdp_Deel1.pdf;MSHC0195;202119658 atelier Munro shirt 3-vdp_Deel2.pdf;MSHC0196
202119658 atelier Munro shirt 3-vdp_Deel3.pdf;MSHC0197;202119658 atelier Munro shirt 3-vdp_Deel4.pdf;MSHC0198
202119658 atelier Munro shirt 3-vdp_Deel5.pdf;MSHC0199;202119658 atelier Munro shirt 3-vdp_Deel6.pdf;'''''
202119658 atelier Munro shirt 3-vdp_Deel7.pdf;''''';leeg.pdf;0
202119658 atelier Munro shirt 3-vdp_Deel1.pdf;MSHC0195;202119658 atelier Munro shirt 3-vdp_Deel2.pdf;MSHC0196
202119658 atelier Munro shirt 3-vdp_Deel3.pdf;MSHC0197;202119658 atelier Munro shirt 3-vdp_Deel4.pdf;MSHC0198
202119658 atelier Munro shirt 3-vdp_Deel5.pdf;MSHC0199;202119658 atelier Munro shirt 3-vdp_Deel6.pdf;'''''
202119658 atelier Munro shirt 3-vdp_Deel7.pdf;''''';leeg.pdf;0
202119658 atelier Munro shirt 3-vdp_Deel1.pdf;MSHC0195;202119658 atelier Munro shirt 3-vdp_Deel2.pdf;MSHC0196
202119658 atelier Munro shirt 3-vdp_Deel3.pdf;MSHC0197;202119658 atelier Munro shirt 3-vdp_Deel4.pdf;MSHC0198
202119658 atelier Munro shirt 3-vdp_Deel5.pdf;MSHC0199;202119658 atelier Munro shirt 3-vdp_Deel6.pdf;'''''
202119658 atelier Munro shirt 3-vdp_Deel7.pdf;''''';leeg.pdf;0
202119658 atelier Munro shirt 3-vdp_Deel1.pdf;MSHC0195;202119658 atelier Munro shirt 3-vdp_Deel2.pdf;MSHC0196
202119658 atelier Munro shirt 3-vdp_Deel3.pdf;MSHC0197;202119658 atelier Munro shirt 3-vdp_Deel4.pdf;MSHC0198
202119658 atelier Munro shirt 3-vdp_Deel5.pdf;MSHC0199;202119658 atelier Munro shirt 3-vdp_Deel6.pdf;'''''
202119658 atelier Munro shirt 3-vdp_Deel7.pdf;''''';leeg.pdf;0
202119658 atelier Munro shirt 3-vdp_Deel1.pdf;MSHC0195;202119658 atelier Munro shirt 3-vdp_Deel2.pdf;MSHC0196
202119658 atelier Munro shirt 3-vdp_Deel3.pdf;MSHC0197;202119658 atelier Munro shirt 3-vdp_Deel4.pdf;MSHC0198
202119658 atelier Munro shirt 3-vdp_Deel5.pdf;MSHC0199;202119658 atelier Munro shirt 3-vdp_Deel6.pdf;'''''
202119658 atelier Munro shirt 3-vdp_Deel7.pdf;''''';leeg.pdf;0
202119658 atelier Munro shirt 3-vdp_Deel1.pdf;MSHC0195;202119658 atelier Munro shirt 3-vdp_Deel2.pdf;MSHC0196
202119658 atelier Munro shirt 3-vdp_Deel3.pdf;MSHC0197;202119658 atelier Munro shirt 3-vdp_Deel4.pdf;MSHC0198
202119658 atelier Munro shirt 3-vdp_Deel5.pdf;MSHC0199;202119658 atelier Munro shirt 3-vdp_Deel6.pdf;'''''
202119658 atelier Munro shirt 3-vdp_Deel7.pdf;''''';leeg.pdf;0
202119658 atelier Munro shirt 3-vdp_Deel1.pdf;MSHC0195;202119658 atelier Munro shirt 3-vdp_Deel2.pdf;MSHC0196
202119658 atelier Munro shirt 3-vdp_Deel3.pdf;MSHC0197;202119658 atelier Munro shirt 3-vdp_Deel4.pdf;MSHC0198
202119658 atelier Munro shirt 3-vdp_Deel5.pdf;MSHC0199;202119658 atelier Munro shirt 3-vdp_Deel6.pdf;'''''
202119658 atelier Munro shirt 3-vdp_Deel7.pdf;''''';leeg.pdf;0
202119658 atelier Munro shirt 3-vdp_Deel1.pdf;MSHC0195;202119658 atelier Munro shirt 3-vdp_Deel2.pdf;MSHC0196
202119658 atelier Munro shirt 3-vdp_Deel3.pdf;MSHC0197;202119658 atelier Munro shirt 3-vdp_Deel4.pdf;MSHC0198
202119658 atelier Munro shirt 3-vdp_Deel5.pdf;MSHC0199;202119658 atelier Munro shirt 3-vdp_Deel6.pdf;'''''
202119658 atelier Munro shirt 3-vdp_Deel7.pdf;''''';leeg.pdf;0
202119658 atelier Munro shirt 3-vdp_Deel1.pdf;MSHC0195;202119658 atelier Munro shirt 3-vdp_Deel2.pdf;MSHC0196
202119658 atelier Munro shirt 3-vdp_Deel3.pdf;MSHC0197;202119658 atelier Munro shirt 3-vdp_Deel4.pdf;MSHC0198
202119658 atelier Munro shirt 3-vdp_Deel5.pdf;MSHC0199;202119658 atelier Munro shirt 3-vdp_Deel6.pdf;'''''
202119658 atelier Munro shirt 3-vdp_Deel7.pdf;''''';leeg.pdf;0
202119658 atelier Munro shirt 3-vdp_Deel1.pdf;MSHC0195;202119658 atelier Munro shirt 3-vdp_Deel2.pdf;MSHC0196
202119658 atelier Munro shirt 3-vdp_Deel3.pdf;MSHC0197;202119658 atelier Munro shirt 3-vdp_Deel4.pdf;MSHC0198
202119658 atelier Munro shirt 3-vdp_Deel5.pdf;MSHC0199;202119658 atelier Munro shirt 3-vdp_Deel6.pdf;'''''
202119658 atelier Munro shirt 3-vdp_Deel7.pdf;''''';leeg.pdf;0
202119658 atelier Munro shirt 3-vdp_Deel1.pdf;MSHC0195;202119658 atelier Munro shirt 3-vdp_Deel2.pdf;MSHC0196
202119658 atelier Munro shirt 3-vdp_Deel3.pdf;MSHC0197;202119658 atelier Munro shirt 3-vdp_Deel4.pdf;MSHC0198
202119658 atelier Munro shirt 3-vdp_Deel5.pdf;MSHC0199;202119658 atelier Munro shirt 3-vdp_Deel6.pdf;'''''
202119658 atelier Munro shirt 3-vdp_Deel7.pdf;''''';leeg.pdf;0
202119658 atelier Munro shirt 3-vdp_Deel1.pdf;MSHC0195;202119658 atelier Munro shirt 3-vdp_Deel2.pdf;MSHC0196
202119658 atelier Munro shirt 3-vdp_Deel3.pdf;MSHC0197;202119658 atelier Munro shirt 3-vdp_Deel4.pdf;MSHC0198
202119658 atelier Munro shirt 3-vdp_Deel5.pdf;MSHC0199;202119658 atelier Munro shirt 3-vdp_Deel6.pdf;'''''
202119658 atelier Munro shirt 3-vdp_Deel7.pdf;''''';leeg.pdf;0
202119658 atelier Munro shirt 3-vdp_Deel1.pdf;MSHC0195;202119658 atelier Munro shirt 3-vdp_Deel2.pdf;MSHC0196
202119658 atelier Munro shirt 3-vdp_Deel3.pdf;MSHC0197;202119658 atelier Munro shirt 3-vdp_Deel4.pdf;MSHC0198
202119658 atelier Munro shirt 3-vdp_Deel5.pdf;MSHC0199;202119658 atelier Munro shirt 3-vdp_Deel6.pdf;'''''
202119658 atelier Munro shirt 3-vdp_Deel7.pdf;''''';leeg.pdf;0
202119658 atelier Munro shirt 3-vdp_Deel1.pdf;MSHC0195;202119658 atelier Munro shirt 3-vdp_Deel2.pdf;MSHC0196
202119658 atelier Munro shirt 3-vdp_Deel3.pdf;MSHC0197;202119658 atelier Munro shirt 3-vdp_Deel4.pdf;MSHC0198
202119658 atelier Munro shirt 3-vdp_Deel5.pdf;MSHC0199;202119658 atelier Munro shirt 3-vdp_Deel6.pdf;'''''
202119658 atelier Munro shirt 3-vdp_Deel7.pdf;''''';leeg.pdf;0
202119658 atelier Munro shirt 3-vdp_Deel1.pdf;MSHC0195;202119658 atelier Munro shirt 3-vdp_Deel2.pdf;MSHC0196
202119658 atelier Munro shirt 3-vdp_Deel3.pdf;MSHC0197;202119658 atelier Munro shirt 3-vdp_Deel4.pdf;MSHC0198
202119658 atelier Munro shirt 3-vdp_Deel5.pdf;MSHC0199;202119658 atelier Munro shirt 3-vdp_Deel6.pdf;'''''
202119658 atelier Munro shirt 3-vdp_Deel7.pdf;''''';leeg.pdf;0
202119658 atelier Munro shirt 3-vdp_Deel1.pdf;MSHC0195;202119658 atelier Munro shirt 3-vdp_Deel2.pdf;MSHC0196
202119658 atelier Munro shirt 3-vdp_Deel3.pdf;MSHC0197;202119658 atelier Munro shirt 3-vdp_Deel4.pdf;MSHC0198
202119658 atelier Munro shirt 3-vdp_Deel5.pdf;MSHC0199;202119658 atelier Munro shirt 3-vdp_Deel6.pdf;'''''
202119658 atelier Munro shirt 3-vdp_Deel7.pdf;''''';leeg.pdf;0
202119658 atelier Munro shirt 3-vdp_Deel1.pdf;MSHC0195;202119658 atelier Munro shirt 3-vdp_Deel2.pdf;MSHC0196
202119658 atelier Munro shirt 3-vdp_Deel3.pdf;MSHC0197;202119658 atelier Munro shirt 3-vdp_Deel4.pdf;MSHC0198
202119658 atelier Munro shirt 3-vdp_Deel5.pdf;MSHC0199;202119658 atelier Munro shirt 3-vdp_Deel6.pdf;'''''
202119658 atelier Munro shirt 3-vdp_Deel7.pdf;''''';leeg.pdf;0
202119658 atelier Munro shirt 3-vdp_Deel1.pdf;MSHC0195;202119658 atelier Munro shirt 3-vdp_Deel2.pdf;MSHC0196
202119658 atelier Munro shirt 3-vdp_Deel3.pdf;MSHC0197;202119658 atelier Munro shirt 3-vdp_Deel4.pdf;MSHC0198
202119658 atelier Munro shirt 3-vdp_Deel5.pdf;MSHC0199;202119658 atelier Munro shirt 3-vdp_Deel6.pdf;'''''
202119658 atelier Munro shirt 3-vdp_Deel7.pdf;''''';leeg.pdf;0
202119658 atelier Munro shirt 3-vdp_Deel1.pdf;MSHC0195;202119658 atelier Munro shirt 3-vdp_Deel2.pdf;MSHC0196
202119658 atelier Munro shirt 3-vdp_Deel3.pdf;MSHC0197;202119658 atelier Munro shirt 3-vdp_Deel4.pdf;MSHC0198
202119658 atelier Munro shirt 3-vdp_Deel5.pdf;MSHC0199;202119658 atelier Munro shirt 3-vdp_Deel6.pdf;'''''
202119658 atelier Munro shirt 3-vdp_Deel7.pdf;''''';leeg.pdf;0
202119658 atelier Munro shirt 3-vdp_Deel1.pdf;MSHC0195;202119658 atelier Munro shirt 3-vdp_Deel2.pdf;MSHC0196
202119658 atelier Munro shirt 3-vdp_Deel3.pdf;MSHC0197;202119658 atelier Munro shirt 3-vdp_Deel4.pdf;MSHC0198
202119658 atelier Munro shirt 3-vdp_Deel5.pdf;MSHC0199;202119658 atelier Munro shirt 3-vdp_Deel6.pdf;'''''
202119658 atelier Munro shirt 3-vdp_Deel7.pdf;''''';leeg.pdf;0
202119658 atelier Munro shirt 3-vdp_Deel1.pdf;MSHC0195;202119658 atelier Munro shirt 3-vdp_Deel2.pdf;MSHC0196
202119658 atelier Munro shirt 3-vdp_Deel3.pdf;MSHC0197;202119658 atelier Munro shirt 3-vdp_Deel4.pdf;MSHC0198
202119658 atelier Munro shirt 3-vdp_Deel5.pdf;MSHC0199;202119658 atelier Munro shirt 3-vdp_Deel6.pdf;'''''
202119658 atelier Munro shirt 3-vdp_Deel7.pdf;''''';leeg.pdf;0
202119658 atelier Munro shirt 3-vdp_Deel1.pdf;MSHC0195;202119658 atelier Munro shirt 3-vdp_Deel2.pdf;MSHC0196
202119658 atelier Munro shirt 3-vdp_Deel3.pdf;MSHC0197;202119658 atelier Munro shirt 3-vdp_Deel4.pdf;MSHC0198
202119658 atelier Munro shirt 3-vdp_Deel5.pdf;MSHC0199;202119658 atelier Munro shirt 3-vdp_Deel6.pdf;'''''
202119658 atelier Munro shirt 3-vdp_Deel7.pdf;''''';leeg.pdf;0
202119658 atelier Munro shirt 3-vdp_Deel1.pdf;MSHC0195;202119658 atelier Munro shirt 3-vdp_Deel2.pdf;MSHC0196
202119658 atelier Munro shirt 3-vdp_Deel3.pdf;MSHC0197;202119658 atelier Munro shirt 3-vdp_Deel4.pdf;MSHC0198
202119658 atelier Munro shirt 3-vdp_Deel5.pdf;MSHC0199;202119658 atelier Munro shirt 3-vdp_Deel6.pdf;'''''
202119658 atelier Munro shirt 3-vdp_Deel7.pdf;''''';leeg.pdf;0
202119658 atelier Munro shirt 3-vdp_Deel1.pdf;MSHC0195;202119658 atelier Munro shirt 3-vdp_Deel2.pdf;MSHC0196
202119658 atelier Munro shirt 3-vdp_Deel3.pdf;MSHC0197;202119658 atelier Munro shirt 3-vdp_Deel4.pdf;MSHC0198
202119658 atelier Munro shirt 3-vdp_Deel5.pdf;MSHC0199;202119658 atelier Munro shirt 3-vdp_Deel6.pdf;'''''
202119658 atelier Munro shirt 3-vdp_Deel7.pdf;''''';leeg.pdf;0
202119658 atelier Munro shirt 3-vdp_Deel1.pdf;MSHC0195;202119658 atelier Munro shirt 3-vdp_Deel2.pdf;MSHC0196
202119658 atelier Munro shirt 3-vdp_Deel3.pdf;MSHC0197;202119658 atelier Munro shirt 3-vdp_Deel4.pdf;MSHC0198
202119658 atelier Munro shirt 3-vdp_Deel5.pdf;MSHC0199;202119658 atelier Munro shirt 3-vdp_Deel6.pdf;'''''
202119658 atelier Munro shirt 3-vdp_Deel7.pdf;''''';leeg.pdf;0
202119658 atelier Munro shirt 3-vdp_Deel1.pdf;MSHC0195;202119658 atelier Munro shirt 3-vdp_Deel2.pdf;MSHC0196
202119658 atelier Munro shirt 3-vdp_Deel3.pdf;MSHC0197;202119658 atelier Munro shirt 3-vdp_Deel4.pdf;MSHC0198
202119658 atelier Munro shirt 3-vdp_Deel5.pdf;MSHC0199;202119658 atelier Munro shirt 3-vdp_Deel6.pdf;'''''
202119658 atelier Munro shirt 3-vdp_Deel7.pdf;''''';leeg.pdf;0
202119658 atelier Munro shirt 3-vdp_Deel1.pdf;MSHC0195;202119658 atelier Munro shirt 3-vdp_Deel2.pdf;MSHC0196
202119658 atelier Munro shirt 3-vdp_Deel3.pdf;MSHC0197;202119658 atelier Munro shirt 3-vdp_Deel4.pdf;MSHC0198
202119658 atelier Munro shirt 3-vdp_Deel5.pdf;MSHC0199;202119658 atelier Munro shirt 3-vdp_Deel6.pdf;'''''
202119658 atelier Munro shirt 3-vdp_Deel7.pdf;''''';leeg.pdf;0
202119658 atelier Munro shirt 3-vdp_Deel1.pdf;MSHC0195;202119658 atelier Munro shirt 3-vdp_Deel2.pdf;MSHC0196
202119658 atelier Munro shirt 3-vdp_Deel3.pdf;MSHC0197;202119658 atelier Munro shirt 3-vdp_Deel4.pdf;MSHC0198
202119658 atelier Munro shirt 3-vdp_Deel5.pdf;MSHC0199;202119658 atelier Munro shirt 3-vdp_Deel6.pdf;'''''
202119658 atelier Munro shirt 3-vdp_Deel7.pdf;''''';leeg.pdf;0
202119658 atelier Munro shirt 3-vdp_Deel1.pdf;MSHC0195;202119658 atelier Munro shirt 3-vdp_Deel2.pdf;MSHC0196
202119658 atelier Munro shirt 3-vdp_Deel3.pdf;MSHC0197;202119658 atelier Munro shirt 3-vdp_Deel4.pdf;MSHC0198
202119658 atelier Munro shirt 3-vdp_Deel5.pdf;MSHC0199;202119658 atelier Munro shirt 3-vdp_Deel6.pdf;'''''
202119658 atelier Munro shirt 3-vdp_Deel7.pdf;''''';leeg.pdf;0
202119658 atelier Munro shirt 3-vdp_Deel1.pdf;MSHC0195;202119658 atelier Munro shirt 3-vdp_Deel2.pdf;MSHC0196
202119658 atelier Munro shirt 3-vdp_Deel3.pdf;MSHC0197;202119658 atelier Munro shirt 3-vdp_Deel4.pdf;MSHC0198
202119658 atelier Munro shirt 3-vdp_Deel5.pdf;MSHC0199;202119658 atelier Munro shirt 3-vdp_Deel6.pdf;'''''
202119658 atelier Munro shirt 3-vdp_Deel7.pdf;''''';leeg.pdf;0
202119658 atelier Munro shirt 3-vdp_Deel1.pdf;MSHC0195;202119658 atelier Munro shirt 3-vdp_Deel2.pdf;MSHC0196
202119658 atelier Munro shirt 3-vdp_Deel3.pdf;MSHC0197;202119658 atelier Munro shirt 3-vdp_Deel4.pdf;MSHC0198
202119658 atelier Munro shirt 3-vdp_Deel5.pdf;MSHC0199;202119658 atelier Munro shirt 3-vdp_Deel6.pdf;'''''
202119658 atelier Munro shirt 3-vdp_Deel7.pdf;''''';leeg.pdf;0
202119658 atelier Munro shirt 3-vdp_Deel1.pdf;MSHC0195;202119658 atelier Munro shirt 3-vdp_Deel2.pdf;MSHC0196
202119658 atelier Munro shirt 3-vdp_Deel3.pdf;MSHC0197;202119658 atelier Munro shirt 3-vdp_Deel4.pdf;MSHC0198
202119658 atelier Munro shirt 3-vdp_Deel5.pdf;MSHC0199;202119658 atelier Munro shirt 3-vdp_Deel6.pdf;'''''
202119658 atelier Munro shirt 3-vdp_Deel7.pdf;''''';leeg.pdf;0
202119658 atelier Munro shirt 3-vdp_Deel1.pdf;MSHC0195;202119658 atelier Munro shirt 3-vdp_Deel2.pdf;MSHC0196
202119658 atelier Munro shirt 3-vdp_Deel3.pdf;MSHC0197;202119658 atelier Munro shirt 3-vdp_Deel4.pdf;MSHC0198
202119658 atelier Munro shirt 3-vdp_Deel5.pdf;MSHC0199;202119658 atelier Munro shirt 3-vdp_Deel6.pdf;'''''
202119658 atelier Munro shirt 3-vdp_Deel7.pdf;''''';leeg.pdf;0
202119658 atelier Munro shirt 3-vdp_Deel1.pdf;MSHC0195;202119658 atelier Munro shirt 3-vdp_Deel2.pdf;MSHC0196
202119658 atelier Munro shirt 3-vdp_Deel3.pdf;MSHC0197;202119658 atelier Munro shirt 3-vdp_Deel4.pdf;MSHC0198
202119658 atelier Munro shirt 3-vdp_Deel5.pdf;MSHC0199;202119658 atelier Munro shirt 3-vdp_Deel6.pdf;'''''
202119658 atelier Munro shirt 3-vdp_Deel7.pdf;''''';leeg.pdf;0
202119658 atelier Munro shirt 3-vdp_Deel1.pdf;MSHC0195;202119658 atelier Munro shirt 3-vdp_Deel2.pdf;MSHC0196
202119658 atelier Munro shirt 3-vdp_Deel3.pdf;MSHC0197;202119658 atelier Munro shirt 3-vdp_Deel4.pdf;MSHC0198
202119658 atelier Munro shirt 3-vdp_Deel5.pdf;MSHC0199;202119658 atelier Munro shirt 3-vdp_Deel6.pdf;'''''
202119658 atelier Munro shirt 3-vdp_Deel7.pdf;''''';leeg.pdf;0
202119658 atelier Munro shirt 3-vdp_Deel1.pdf;MSHC0195;202119658 atelier Munro shirt 3-vdp_Deel2.pdf;MSHC0196
202119658 atelier Munro shirt 3-vdp_Deel3.pdf;MSHC0197;202119658 atelier Munro shirt 3-vdp_Deel4.pdf;MSHC0198
202119658 atelier Munro shirt 3-vdp_Deel5.pdf;MSHC0199;202119658 atelier Munro shirt 3-vdp_Deel6.pdf;'''''
202119658 atelier Munro shirt 3-vdp_Deel7.pdf;''''';leeg.pdf;0
202119658 atelier Munro shirt 3-vdp_Deel1.pdf;MSHC0195;202119658 atelier Munro shirt 3-vdp_Deel2.pdf;MSHC0196
202119658 atelier Munro shirt 3-vdp_Deel3.pdf;MSHC0197;202119658 atelier Munro shirt 3-vdp_Deel4.pdf;MSHC0198
202119658 atelier Munro shirt 3-vdp_Deel5.pdf;MSHC0199;202119658 atelier Munro shirt 3-vdp_Deel6.pdf;'''''
202119658 atelier Munro shirt 3-vdp_Deel7.pdf;''''';leeg.pdf;0
202119658 atelier Munro shirt 3-vdp_Deel1.pdf;MSHC0195;202119658 atelier Munro shirt 3-vdp_Deel2.pdf;MSHC0196
202119658 atelier Munro shirt 3-vdp_Deel3.pdf;MSHC0197;202119658 atelier Munro shirt 3-vdp_Deel4.pdf;MSHC0198
202119658 atelier Munro shirt 3-vdp_Deel5.pdf;MSHC0199;202119658 atelier Munro shirt 3-vdp_Deel6.pdf;'''''
202119658 atelier Munro shirt 3-vdp_Deel7.pdf;''''';leeg.pdf;0
202119658 atelier Munro shirt 3-vdp_Deel1.pdf;MSHC0195;202119658 atelier Munro shirt 3-vdp_Deel2.pdf;MSHC0196
202119658 atelier Munro shirt 3-vdp_Deel3.pdf;MSHC0197;202119658 atelier Munro shirt 3-vdp_Deel4.pdf;MSHC0198
202119658 atelier Munro shirt 3-vdp_Deel5.pdf;MSHC0199;202119658 atelier Munro shirt 3-vdp_Deel6.pdf;'''''
202119658 atelier Munro shirt 3-vdp_Deel7.pdf;''''';leeg.pdf;0
202119658 atelier Munro shirt 3-vdp_Deel1.pdf;MSHC0195;202119658 atelier Munro shirt 3-vdp_Deel2.pdf;MSHC0196
202119658 atelier Munro shirt 3-vdp_Deel3.pdf;MSHC0197;202119658 atelier Munro shirt 3-vdp_Deel4.pdf;MSHC0198
202119658 atelier Munro shirt 3-vdp_Deel5.pdf;MSHC0199;202119658 atelier Munro shirt 3-vdp_Deel6.pdf;'''''
202119658 atelier Munro shirt 3-vdp_Deel7.pdf;''''';leeg.pdf;0
202119658 atelier Munro shirt 3-vdp_Deel1.pdf;MSHC0195;202119658 atelier Munro shirt 3-vdp_Deel2.pdf;MSHC0196
202119658 atelier Munro shirt 3-vdp_Deel3.pdf;MSHC0197;202119658 atelier Munro shirt 3-vdp_Deel4.pdf;MSHC0198
202119658 atelier Munro shirt 3-vdp_Deel5.pdf;MSHC0199;202119658 atelier Munro shirt 3-vdp_Deel6.pdf;'''''
202119658 atelier Munro shirt 3-vdp_Deel7.pdf;''''';leeg.pdf;0
202119658 atelier Munro shirt 3-vdp_Deel1.pdf;MSHC0195;202119658 atelier Munro shirt 3-vdp_Deel2.pdf;MSHC0196
202119658 atelier Munro shirt 3-vdp_Deel3.pdf;MSHC0197;202119658 atelier Munro shirt 3-vdp_Deel4.pdf;MSHC0198
202119658 atelier Munro shirt 3-vdp_Deel5.pdf;MSHC0199;202119658 atelier Munro shirt 3-vdp_Deel6.pdf;'''''
202119658 atelier Munro shirt 3-vdp_Deel7.pdf;''''';leeg.pdf;0
202119658 atelier Munro shirt 3-vdp_Deel1.pdf;MSHC0195;202119658 atelier Munro shirt 3-vdp_Deel2.pdf;MSHC0196
202119658 atelier Munro shirt 3-vdp_Deel3.pdf;MSHC0197;202119658 atelier Munro shirt 3-vdp_Deel4.pdf;MSHC0198
202119658 atelier Munro shirt 3-vdp_Deel5.pdf;MSHC0199;202119658 atelier Munro shirt 3-vdp_Deel6.pdf;'''''
202119658 atelier Munro shirt 3-vdp_Deel7.pdf;''''';leeg.pdf;0
202119658 atelier Munro shirt 3-vdp_Deel1.pdf;MSHC0195;202119658 atelier Munro shirt 3-vdp_Deel2.pdf;MSHC0196
202119658 atelier Munro shirt 3-vdp_Deel3.pdf;MSHC0197;202119658 atelier Munro shirt 3-vdp_Deel4.pdf;MSHC0198
202119658 atelier Munro shirt 3-vdp_Deel5.pdf;MSHC0199;202119658 atelier Munro shirt 3-vdp_Deel6.pdf;'''''
202119658 atelier Munro shirt 3-vdp_Deel7.pdf;''''';leeg.pdf;0
202119658 atelier Munro shirt 3-vdp_Deel1.pdf;MSHC0195;202119658 atelier Munro shirt 3-vdp_Deel2.pdf;MSHC0196
202119658 atelier Munro shirt 3-vdp_Deel3.pdf;MSHC0197;202119658 atelier Munro shirt 3-vdp_Deel4.pdf;MSHC0198
202119658 atelier Munro shirt 3-vdp_Deel5.pdf;MSHC0199;202119658 atelier Munro shirt 3-vdp_Deel6.pdf;'''''
202119658 atelier Munro shirt 3-vdp_Deel7.pdf;''''';leeg.pdf;0
202119658 atelier Munro shirt 3-vdp_Deel1.pdf;MSHC0195;202119658 atelier Munro shirt 3-vdp_Deel2.pdf;MSHC0196
202119658 atelier Munro shirt 3-vdp_Deel3.pdf;MSHC0197;202119658 atelier Munro shirt 3-vdp_Deel4.pdf;MSHC0198
202119658 atelier Munro shirt 3-vdp_Deel5.pdf;MSHC0199;202119658 atelier Munro shirt 3-vdp_Deel6.pdf;'''''
202119658 atelier Munro shirt 3-vdp_Deel7.pdf;''''';leeg.pdf;0
202119658 atelier Munro shirt 3-vdp_Deel1.pdf;MSHC0195;202119658 atelier Munro shirt 3-vdp_Deel2.pdf;MSHC0196
202119658 atelier Munro shirt 3-vdp_Deel3.pdf;MSHC0197;202119658 atelier Munro shirt 3-vdp_Deel4.pdf;MSHC0198
202119658 atelier Munro shirt 3-vdp_Deel5.pdf;MSHC0199;202119658 atelier Munro shirt 3-vdp_Deel6.pdf;'''''
202119658 atelier Munro shirt 3-vdp_Deel7.pdf;''''';leeg.pdf;0
202119658 atelier Munro shirt 3-vdp_Deel1.pdf;MSHC0195;202119658 atelier Munro shirt 3-vdp_Deel2.pdf;MSHC0196
202119658 atelier Munro shirt 3-vdp_Deel3.pdf;MSHC0197;202119658 atelier Munro shirt 3-vdp_Deel4.pdf;MSHC0198
202119658 atelier Munro shirt 3-vdp_Deel5.pdf;MSHC0199;202119658 atelier Munro shirt 3-vdp_Deel6.pdf;'''''
202119658 atelier Munro shirt 3-vdp_Deel7.pdf;''''';leeg.pdf;0
202119658 atelier Munro shirt 3-vdp_Deel1.pdf;MSHC0195;202119658 atelier Munro shirt 3-vdp_Deel2.pdf;MSHC0196
202119658 atelier Munro shirt 3-vdp_Deel3.pdf;MSHC0197;202119658 atelier Munro shirt 3-vdp_Deel4.pdf;MSHC0198
202119658 atelier Munro shirt 3-vdp_Deel5.pdf;MSHC0199;202119658 atelier Munro shirt 3-vdp_Deel6.pdf;'''''
202119658 atelier Munro shirt 3-vdp_Deel7.pdf;''''';leeg.pdf;0
202119658 atelier Munro shirt 3-vdp_Deel1.pdf;MSHC0195;202119658 atelier Munro shirt 3-vdp_Deel2.pdf;MSHC0196
202119658 atelier Munro shirt 3-vdp_Deel3.pdf;MSHC0197;202119658 atelier Munro shirt 3-vdp_Deel4.pdf;MSHC0198
202119658 atelier Munro shirt 3-vdp_Deel5.pdf;MSHC0199;202119658 atelier Munro shirt 3-vdp_Deel6.pdf;'''''
202119658 atelier Munro shirt 3-vdp_Deel7.pdf;''''';leeg.pdf;0
202119658 atelier Munro shirt 3-vdp_Deel1.pdf;MSHC0195;202119658 atelier Munro shirt 3-vdp_Deel2.pdf;MSHC0196
202119658 atelier Munro shirt 3-vdp_Deel3.pdf;MSHC0197;202119658 atelier Munro shirt 3-vdp_Deel4.pdf;MSHC0198
202119658 atelier Munro shirt 3-vdp_Deel5.pdf;MSHC0199;202119658 atelier Munro shirt 3-vdp_Deel6.pdf;'''''
202119658 atelier Munro shirt 3-vdp_Deel7.pdf;''''';leeg.pdf;0
202119658 atelier Munro shirt 3-vdp_Deel1.pdf;MSHC0195;202119658 atelier Munro shirt 3-vdp_Deel2.pdf;MSHC0196
202119658 atelier Munro shirt 3-vdp_Deel3.pdf;MSHC0197;202119658 atelier Munro shirt 3-vdp_Deel4.pdf;MSHC0198
202119658 atelier Munro shirt 3-vdp_Deel5.pdf;MSHC0199;202119658 atelier Munro shirt 3-vdp_Deel6.pdf;'''''
202119658 atelier Munro shirt 3-vdp_Deel7.pdf;''''';leeg.pdf;0
202119658 atelier Munro shirt 3-vdp_Deel1.pdf;MSHC0195;202119658 atelier Munro shirt 3-vdp_Deel2.pdf;MSHC0196
202119658 atelier Munro shirt 3-vdp_Deel3.pdf;MSHC0197;202119658 atelier Munro shirt 3-vdp_Deel4.pdf;MSHC0198
202119658 atelier Munro shirt 3-vdp_Deel5.pdf;MSHC0199;202119658 atelier Munro shirt 3-vdp_Deel6.pdf;'''''
202119658 atelier Munro shirt 3-vdp_Deel7.pdf;''''';leeg.pdf;0
202119658 atelier Munro shirt 3-vdp_Deel1.pdf;MSHC0195;202119658 atelier Munro shirt 3-vdp_Deel2.pdf;MSHC0196
202119658 atelier Munro shirt 3-vdp_Deel3.pdf;MSHC0197;202119658 atelier Munro shirt 3-vdp_Deel4.pdf;MSHC0198
202119658 atelier Munro shirt 3-vdp_Deel5.pdf;MSHC0199;202119658 atelier Munro shirt 3-vdp_Deel6.pdf;'''''
202119658 atelier Munro shirt 3-vdp_Deel7.pdf;''''';leeg.pdf;0
202119658 atelier Munro shirt 3-vdp_Deel1.pdf;MSHC0195;202119658 atelier Munro shirt 3-vdp_Deel2.pdf;MSHC0196
202119658 atelier Munro shirt 3-vdp_Deel3.pdf;MSHC0197;202119658 atelier Munro shirt 3-vdp_Deel4.pdf;MSHC0198
202119658 atelier Munro shirt 3-vdp_Deel5.pdf;MSHC0199;202119658 atelier Munro shirt 3-vdp_Deel6.pdf;'''''
202119658 atelier Munro shirt 3-vdp_Deel7.pdf;''''';leeg.pdf;0
202119658 atelier Munro shirt 3-vdp_Deel1.pdf;MSHC0195;202119658 atelier Munro shirt 3-vdp_Deel2.pdf;MSHC0196
202119658 atelier Munro shirt 3-vdp_Deel3.pdf;MSHC0197;202119658 atelier Munro shirt 3-vdp_Deel4.pdf;MSHC0198
202119658 atelier Munro shirt 3-vdp_Deel5.pdf;MSHC0199;202119658 atelier Munro shirt 3-vdp_Deel6.pdf;'''''
202119658 atelier Munro shirt 3-vdp_Deel7.pdf;''''';leeg.pdf;0
202119658 atelier Munro shirt 3-vdp_Deel1.pdf;MSHC0195;202119658 atelier Munro shirt 3-vdp_Deel2.pdf;MSHC0196
202119658 atelier Munro shirt 3-vdp_Deel3.pdf;MSHC0197;202119658 atelier Munro shirt 3-vdp_Deel4.pdf;MSHC0198
202119658 atelier Munro shirt 3-vdp_Deel5.pdf;MSHC0199;202119658 atelier Munro shirt 3-vdp_Deel6.pdf;'''''
202119658 atelier Munro shirt 3-vdp_Deel7.pdf;''''';leeg.pdf;0
202119658 atelier Munro shirt 3-vdp_Deel1.pdf;MSHC0195;202119658 atelier Munro shirt 3-vdp_Deel2.pdf;MSHC0196
202119658 atelier Munro shirt 3-vdp_Deel3.pdf;MSHC0197;202119658 atelier Munro shirt 3-vdp_Deel4.pdf;MSHC0198
202119658 atelier Munro shirt 3-vdp_Deel5.pdf;MSHC0199;202119658 atelier Munro shirt 3-vdp_Deel6.pdf;'''''
202119658 atelier Munro shirt 3-vdp_Deel7.pdf;''''';leeg.pdf;0
202119658 atelier Munro shirt 3-vdp_Deel1.pdf;MSHC0195;202119658 atelier Munro shirt 3-vdp_Deel2.pdf;MSHC0196
202119658 atelier Munro shirt 3-vdp_Deel3.pdf;MSHC0197;202119658 atelier Munro shirt 3-vdp_Deel4.pdf;MSHC0198
202119658 atelier Munro shirt 3-vdp_Deel5.pdf;MSHC0199;202119658 atelier Munro shirt 3-vdp_Deel6.pdf;'''''
202119658 atelier Munro shirt 3-vdp_Deel7.pdf;''''';leeg.pdf;0
202119658 atelier Munro shirt 3-vdp_Deel1.pdf;MSHC0195;202119658 atelier Munro shirt 3-vdp_Deel2.pdf;MSHC0196
202119658 atelier Munro shirt 3-vdp_Deel3.pdf;MSHC0197;202119658 atelier Munro shirt 3-vdp_Deel4.pdf;MSHC0198
202119658 atelier Munro shirt 3-vdp_Deel5.pdf;MSHC0199;202119658 atelier Munro shirt 3-vdp_Deel6.pdf;'''''
202119658 atelier Munro shirt 3-vdp_Deel7.pdf;''''';leeg.pdf;0
202119658 atelier Munro shirt 3-vdp_Deel1.pdf;MSHC0195;202119658 atelier Munro shirt 3-vdp_Deel2.pdf;MSHC0196
202119658 atelier Munro shirt 3-vdp_Deel3.pdf;MSHC0197;202119658 atelier Munro shirt 3-vdp_Deel4.pdf;MSHC0198
202119658 atelier Munro shirt 3-vdp_Deel5.pdf;MSHC0199;202119658 atelier Munro shirt 3-vdp_Deel6.pdf;'''''
202119658 atelier Munro shirt 3-vdp_Deel7.pdf;''''';leeg.pdf;0
202119658 atelier Munro shirt 3-vdp_Deel1.pdf;MSHC0195;202119658 atelier Munro shirt 3-vdp_Deel2.pdf;MSHC0196
202119658 atelier Munro shirt 3-vdp_Deel3.pdf;MSHC0197;202119658 atelier Munro shirt 3-vdp_Deel4.pdf;MSHC0198
202119658 atelier Munro shirt 3-vdp_Deel5.pdf;MSHC0199;202119658 atelier Munro shirt 3-vdp_Deel6.pdf;'''''
202119658 atelier Munro shirt 3-vdp_Deel7.pdf;''''';leeg.pdf;0
202119658 atelier Munro shirt 3-vdp_Deel1.pdf;MSHC0195;202119658 atelier Munro shirt 3-vdp_Deel2.pdf;MSHC0196
202119658 atelier Munro shirt 3-vdp_Deel3.pdf;MSHC0197;202119658 atelier Munro shirt 3-vdp_Deel4.pdf;MSHC0198
202119658 atelier Munro shirt 3-vdp_Deel5.pdf;MSHC0199;202119658 atelier Munro shirt 3-vdp_Deel6.pdf;'''''
202119658 atelier Munro shirt 3-vdp_Deel7.pdf;''''';leeg.pdf;0
202119658 atelier Munro shirt 3-vdp_Deel1.pdf;MSHC0195;202119658 atelier Munro shirt 3-vdp_Deel2.pdf;MSHC0196
202119658 atelier Munro shirt 3-vdp_Deel3.pdf;MSHC0197;202119658 atelier Munro shirt 3-vdp_Deel4.pdf;MSHC0198
202119658 atelier Munro shirt 3-vdp_Deel5.pdf;MSHC0199;202119658 atelier Munro shirt 3-vdp_Deel6.pdf;'''''
202119658 atelier Munro shirt 3-vdp_Deel7.pdf;''''';leeg.pdf;0
202119658 atelier Munro shirt 3-vdp_Deel1.pdf;MSHC0195;202119658 atelier Munro shirt 3-vdp_Deel2.pdf;MSHC0196
202119658 atelier Munro shirt 3-vdp_Deel3.pdf;MSHC0197;202119658 atelier Munro shirt 3-vdp_Deel4.pdf;MSHC0198
202119658 atelier Munro shirt 3-vdp_Deel5.pdf;MSHC0199;202119658 atelier Munro shirt 3-vdp_Deel6.pdf;'''''
202119658 atelier Munro shirt 3-vdp_Deel7.pdf;''''';leeg.pdf;0
202119658 atelier Munro shirt 3-vdp_Deel1.pdf;MSHC0195;202119658 atelier Munro shirt 3-vdp_Deel2.pdf;MSHC0196
202119658 atelier Munro shirt 3-vdp_Deel3.pdf;MSHC0197;202119658 atelier Munro shirt 3-vdp_Deel4.pdf;MSHC0198
202119658 atelier Munro shirt 3-vdp_Deel5.pdf;MSHC0199;202119658 atelier Munro shirt 3-vdp_Deel6.pdf;'''''
202119658 atelier Munro shirt 3-vdp_Deel7.pdf;''''';leeg.pdf;0
202119658 atelier Munro shirt 3-vdp_Deel1.pdf;MSHC0195;202119658 atelier Munro shirt 3-vdp_Deel2.pdf;MSHC0196
202119658 atelier Munro shirt 3-vdp_Deel3.pdf;MSHC0197;202119658 atelier Munro shirt 3-vdp_Deel4.pdf;MSHC0198
202119658 atelier Munro shirt 3-vdp_Deel5.pdf;MSHC0199;202119658 atelier Munro shirt 3-vdp_Deel6.pdf;'''''
202119658 atelier Munro shirt 3-vdp_Deel7.pdf;''''';leeg.pdf;0
202119658 atelier Munro shirt 3-vdp_Deel1.pdf;MSHC0195;202119658 atelier Munro shirt 3-vdp_Deel2.pdf;MSHC0196
202119658 atelier Munro shirt 3-vdp_Deel3.pdf;MSHC0197;202119658 atelier Munro shirt 3-vdp_Deel4.pdf;MSHC0198
202119658 atelier Munro shirt 3-vdp_Deel5.pdf;MSHC0199;202119658 atelier Munro shirt 3-vdp_Deel6.pdf;'''''
202119658 atelier Munro shirt 3-vdp_Deel7.pdf;''''';leeg.pdf;0
202119658 atelier Munro shirt 3-vdp_Deel1.pdf;MSHC0195;202119658 atelier Munro shirt 3-vdp_Deel2.pdf;MSHC0196
202119658 atelier Munro shirt 3-vdp_Deel3.pdf;MSHC0197;202119658 atelier Munro shirt 3-vdp_Deel4.pdf;MSHC0198
202119658 atelier Munro shirt 3-vdp_Deel5.pdf;MSHC0199;202119658 atelier Munro shirt 3-vdp_Deel6.pdf;'''''
202119658 atelier Munro shirt 3-vdp_Deel7.pdf;''''';leeg.pdf;0
202119658 atelier Munro shirt 3-vdp_Deel1.pdf;MSHC0195;202119658 atelier Munro shirt 3-vdp_Deel2.pdf;MSHC0196
202119658 atelier Munro shirt 3-vdp_Deel3.pdf;MSHC0197;202119658 atelier Munro shirt 3-vdp_Deel4.pdf;MSHC0198
202119658 atelier Munro shirt 3-vdp_Deel5.pdf;MSHC0199;202119658 atelier Munro shirt 3-vdp_Deel6.pdf;'''''
202119658 atelier Munro shirt 3-vdp_Deel7.pdf;''''';leeg.pdf;0
202119658 atelier Munro shirt 3-vdp_Deel1.pdf;MSHC0195;202119658 atelier Munro shirt 3-vdp_Deel2.pdf;MSHC0196
202119658 atelier Munro shirt 3-vdp_Deel3.pdf;MSHC0197;202119658 atelier Munro shirt 3-vdp_Deel4.pdf;MSHC0198
202119658 atelier Munro shirt 3-vdp_Deel5.pdf;MSHC0199;202119658 atelier Munro shirt 3-vdp_Deel6.pdf;'''''
202119658 atelier Munro shirt 3-vdp_Deel7.pdf;''''';leeg.pdf;0
202119658 atelier Munro shirt 3-vdp_Deel1.pdf;MSHC0195;202119658 atelier Munro shirt 3-vdp_Deel2.pdf;MSHC0196
202119658 atelier Munro shirt 3-vdp_Deel3.pdf;MSHC0197;202119658 atelier Munro shirt 3-vdp_Deel4.pdf;MSHC0198
202119658 atelier Munro shirt 3-vdp_Deel5.pdf;MSHC0199;202119658 atelier Munro shirt 3-vdp_Deel6.pdf;'''''
202119658 atelier Munro shirt 3-vdp_Deel7.pdf;''''';leeg.pdf;0
202119658 atelier Munro shirt 3-vdp_Deel1.pdf;MSHC0195;202119658 atelier Munro shirt 3-vdp_Deel2.pdf;MSHC0196
202119658 atelier Munro shirt 3-vdp_Deel3.pdf;MSHC0197;202119658 atelier Munro shirt 3-vdp_Deel4.pdf;MSHC0198
202119658 atelier Munro shirt 3-vdp_Deel5.pdf;MSHC0199;202119658 atelier Munro shirt 3-vdp_Deel6.pdf;'''''
202119658 atelier Munro shirt 3-vdp_Deel7.pdf;''''';leeg.pdf;0
202119658 atelier Munro shirt 3-vdp_Deel1.pdf;MSHC0195;202119658 atelier Munro shirt 3-vdp_Deel2.pdf;MSHC0196
202119658 atelier Munro shirt 3-vdp_Deel3.pdf;MSHC0197;202119658 atelier Munro shirt 3-vdp_Deel4.pdf;MSHC0198
202119658 atelier Munro shirt 3-vdp_Deel5.pdf;MSHC0199;202119658 atelier Munro shirt 3-vdp_Deel6.pdf;'''''
202119658 atelier Munro shirt 3-vdp_Deel7.pdf;''''';leeg.pdf;0
202119658 atelier Munro shirt 3-vdp_Deel1.pdf;MSHC0195;202119658 atelier Munro shirt 3-vdp_Deel2.pdf;MSHC0196
202119658 atelier Munro shirt 3-vdp_Deel3.pdf;MSHC0197;202119658 atelier Munro shirt 3-vdp_Deel4.pdf;MSHC0198
202119658 atelier Munro shirt 3-vdp_Deel5.pdf;MSHC0199;202119658 atelier Munro shirt 3-vdp_Deel6.pdf;'''''
202119658 atelier Munro shirt 3-vdp_Deel7.pdf;''''';leeg.pdf;0
