r;rechts;l;links;veelvoud
1 R;202120047 layout_1.pdf;10 L;202120047 layout_47.pdf;2
2 R;202120047 layout_2.pdf;11 L;202120047 layout_48.pdf;2
3 R;202120047 layout_3.pdf;12 L;202120047 layout_49.pdf;2
4 R;202120047 layout_4.pdf;13 L;202120047 layout_50.pdf;2
5 R;202120047 layout_5.pdf;14 L;202120047 layout_51.pdf;2
6 R;202120047 layout_6.pdf;15 L;202120047 layout_52.pdf;2
7 R;202120047 layout_7.pdf;16 L;202120047 layout_53.pdf;2
8 R;202120047 layout_8.pdf;17 L;202120047 layout_54.pdf;2
;stans.pdf;9;stans.pdf;1
;stans.pdf;10;stans.pdf;1
;stans.pdf;11;stans.pdf;1
;stans.pdf;12;stans.pdf;1
;stans.pdf;13;stans.pdf;1
;stans.pdf;14;stans.pdf;1
;stans.pdf;15;stans.pdf;1
;stans.pdf;16;stans.pdf;1
;stans.pdf;17;stans.pdf;1
;stans.pdf;18;stans.pdf;1
;stans.pdf;19;stans.pdf;1
;stans.pdf;20;stans.pdf;1
;stans.pdf;21;stans.pdf;1
;stans.pdf;22;stans.pdf;1
;stans.pdf;23;stans.pdf;1
;stans.pdf;24;stans.pdf;1
;stans.pdf;25;stans.pdf;1
;stans.pdf;26;stans.pdf;1
;stans.pdf;27;stans.pdf;1
;stans.pdf;28;stans.pdf;1
;stans.pdf;29;stans.pdf;1
;stans.pdf;30;stans.pdf;1
;stans.pdf;31;stans.pdf;1
;stans.pdf;32;stans.pdf;1
;stans.pdf;33;stans.pdf;1
;stans.pdf;34;stans.pdf;1
;stans.pdf;35;stans.pdf;1
;stans.pdf;36;stans.pdf;1
;stans.pdf;37;stans.pdf;1
;stans.pdf;38;stans.pdf;1
;stans.pdf;39;stans.pdf;1
;stans.pdf;40;stans.pdf;1
;stans.pdf;41;stans.pdf;1
;stans.pdf;42;stans.pdf;1
;stans.pdf;43;stans.pdf;1
;stans.pdf;44;stans.pdf;1
;stans.pdf;45;stans.pdf;1
;stans.pdf;46;stans.pdf;1
;stans.pdf;47;stans.pdf;1
;stans.pdf;48;stans.pdf;1
;stans.pdf;49;stans.pdf;1
;stans.pdf;50;stans.pdf;1
;stans.pdf;51;stans.pdf;1
;stans.pdf;52;stans.pdf;1
;stans.pdf;53;stans.pdf;1
;stans.pdf;54;stans.pdf;1
;stans.pdf;55;stans.pdf;1
;stans.pdf;56;stans.pdf;1
;stans.pdf;57;stans.pdf;1
;stans.pdf;58;stans.pdf;1
;stans.pdf;59;stans.pdf;1
;stans.pdf;60;stans.pdf;1
;stans.pdf;61;stans.pdf;1
;stans.pdf;62;stans.pdf;1
;stans.pdf;63;stans.pdf;1
;stans.pdf;64;stans.pdf;1
;stans.pdf;65;stans.pdf;1
;stans.pdf;66;stans.pdf;1
;stans.pdf;67;stans.pdf;1
;stans.pdf;68;stans.pdf;1
;stans.pdf;69;stans.pdf;1
;stans.pdf;70;stans.pdf;1
;stans.pdf;71;stans.pdf;1
;stans.pdf;72;stans.pdf;1
;stans.pdf;73;stans.pdf;1
;stans.pdf;74;stans.pdf;1
;stans.pdf;75;stans.pdf;1
;stans.pdf;76;stans.pdf;1
;stans.pdf;77;stans.pdf;1
;stans.pdf;78;stans.pdf;1
;stans.pdf;79;stans.pdf;1
;stans.pdf;80;stans.pdf;1
;stans.pdf;81;stans.pdf;1
;stans.pdf;82;stans.pdf;1
;stans.pdf;83;stans.pdf;1
;stans.pdf;84;stans.pdf;1
;stans.pdf;85;stans.pdf;1
;stans.pdf;86;stans.pdf;1
;stans.pdf;87;stans.pdf;1
;stans.pdf;88;stans.pdf;1
;stans.pdf;89;stans.pdf;1
;stans.pdf;90;stans.pdf;1
;stans.pdf;91;stans.pdf;1
;stans.pdf;92;stans.pdf;1
;stans.pdf;93;stans.pdf;1
;stans.pdf;94;stans.pdf;1
;stans.pdf;95;stans.pdf;1
;stans.pdf;96;stans.pdf;1
;stans.pdf;97;stans.pdf;1
;stans.pdf;98;stans.pdf;1
;stans.pdf;99;stans.pdf;1
;stans.pdf;100;stans.pdf;1
;stans.pdf;101;stans.pdf;1
;stans.pdf;102;stans.pdf;1
;stans.pdf;103;stans.pdf;1
;stans.pdf;104;stans.pdf;1
;stans.pdf;105;stans.pdf;1
;stans.pdf;106;stans.pdf;1
;stans.pdf;107;stans.pdf;1
;stans.pdf;108;stans.pdf;1
;stans.pdf;109;stans.pdf;1
;stans.pdf;110;stans.pdf;1
;stans.pdf;111;stans.pdf;1
;stans.pdf;112;stans.pdf;1
;stans.pdf;113;stans.pdf;1
;stans.pdf;114;stans.pdf;1
;stans.pdf;115;stans.pdf;1
;stans.pdf;116;stans.pdf;1
;stans.pdf;117;stans.pdf;1
;stans.pdf;118;stans.pdf;1
;stans.pdf;119;stans.pdf;1
;stans.pdf;120;stans.pdf;1
1 R;202120047 layout_1.pdf;10 L;202120047 layout_47.pdf;2
2 R;202120047 layout_2.pdf;11 L;202120047 layout_48.pdf;2
3 R;202120047 layout_3.pdf;12 L;202120047 layout_49.pdf;2
4 R;202120047 layout_4.pdf;13 L;202120047 layout_50.pdf;2
5 R;202120047 layout_5.pdf;14 L;202120047 layout_51.pdf;2
6 R;202120047 layout_6.pdf;15 L;202120047 layout_52.pdf;2
7 R;202120047 layout_7.pdf;16 L;202120047 layout_53.pdf;2
8 R;202120047 layout_8.pdf;17 L;202120047 layout_54.pdf;2
9 R;202120047 layout_9.pdf;18 L;202120047 layout_55.pdf;2
10 R;202120047 layout_10.pdf;19 L;202120047 layout_56.pdf;2
11 R;202120047 layout_11.pdf;20 L;202120047 layout_57.pdf;2
12 R;202120047 layout_12.pdf;21 L;202120047 layout_58.pdf;2
13 R;202120047 layout_13.pdf;22 L;202120047 layout_59.pdf;2
14 R;202120047 layout_14.pdf;23 L;202120047 layout_60.pdf;2
15 R;202120047 layout_15.pdf;24 L;202120047 layout_61.pdf;2
16 R;202120047 layout_16.pdf;25 L;202120047 layout_62.pdf;2
17 R;202120047 layout_17.pdf;26 L;202120047 layout_63.pdf;2
18 R;202120047 layout_18.pdf;27 L;202120047 layout_64.pdf;2
19 R;202120047 layout_19.pdf;28 L;202120047 layout_65.pdf;2
20 R;202120047 layout_20.pdf;29 L;202120047 layout_66.pdf;2
21 R;202120047 layout_21.pdf;30 L;202120047 layout_67.pdf;2
22 R;202120047 layout_22.pdf;31 L;202120047 layout_68.pdf;2
23 R;202120047 layout_23.pdf;32 L;202120047 layout_69.pdf;2
24 R;202120047 layout_24.pdf;33 L;202120047 layout_70.pdf;2
25 R;202120047 layout_25.pdf;34 L;202120047 layout_71.pdf;2
26 R;202120047 layout_26.pdf;35 L;202120047 layout_72.pdf;2
27 R;202120047 layout_27.pdf;36 L;202120047 layout_73.pdf;2
28 R;202120047 layout_28.pdf;37 L;202120047 layout_74.pdf;2
29 R;202120047 layout_29.pdf;38 L;202120047 layout_75.pdf;2
30 R;202120047 layout_30.pdf;39 L;202120047 layout_76.pdf;2
31 R;202120047 layout_31.pdf;40 L;202120047 layout_77.pdf;2
32 R;202120047 layout_32.pdf;41 L;202120047 layout_78.pdf;2
33 R;202120047 layout_33.pdf;42 L;202120047 layout_79.pdf;2
34 R;202120047 layout_34.pdf;43 L;202120047 layout_80.pdf;2
35 R;202120047 layout_35.pdf;44 L;202120047 layout_81.pdf;2
36 R;202120047 layout_36.pdf;45 L;202120047 layout_82.pdf;2
37 R;202120047 layout_37.pdf;46 L;202120047 layout_83.pdf;2
38 R;202120047 layout_38.pdf;;stans.pdf;2
39 R;202120047 layout_39.pdf;;stans.pdf;2
40 R;202120047 layout_40.pdf;;stans.pdf;2
41 R;202120047 layout_41.pdf;;stans.pdf;2
42 R;202120047 layout_42.pdf;;stans.pdf;2
43 R;202120047 layout_43.pdf;;stans.pdf;2
44 R;202120047 layout_44.pdf;;stans.pdf;2
45 R;202120047 layout_45.pdf;;stans.pdf;2
46 R;202120047 layout_46.pdf;;stans.pdf;2
;stans.pdf;1;stans.pdf;1
;stans.pdf;2;stans.pdf;1
;stans.pdf;3;stans.pdf;1
;stans.pdf;4;stans.pdf;1
;stans.pdf;5;stans.pdf;1
;stans.pdf;6;stans.pdf;1
;stans.pdf;7;stans.pdf;1
;stans.pdf;8;stans.pdf;1
;stans.pdf;9;stans.pdf;1
;stans.pdf;10;stans.pdf;1
;stans.pdf;11;stans.pdf;1
;stans.pdf;12;stans.pdf;1
;stans.pdf;13;stans.pdf;1
;stans.pdf;14;stans.pdf;1
;stans.pdf;15;stans.pdf;1
;stans.pdf;16;stans.pdf;1
;stans.pdf;17;stans.pdf;1
;stans.pdf;18;stans.pdf;1
;stans.pdf;19;stans.pdf;1
;stans.pdf;20;stans.pdf;1
;stans.pdf;21;stans.pdf;1
;stans.pdf;22;stans.pdf;1
;stans.pdf;23;stans.pdf;1
;stans.pdf;24;stans.pdf;1
;stans.pdf;25;stans.pdf;1
;stans.pdf;26;stans.pdf;1
;stans.pdf;27;stans.pdf;1
;stans.pdf;28;stans.pdf;1
;stans.pdf;29;stans.pdf;1
;stans.pdf;30;stans.pdf;1
;stans.pdf;31;stans.pdf;1
;stans.pdf;32;stans.pdf;1
;stans.pdf;33;stans.pdf;1
;stans.pdf;34;stans.pdf;1
;stans.pdf;35;stans.pdf;1
;stans.pdf;36;stans.pdf;1
;stans.pdf;37;stans.pdf;1
;stans.pdf;38;stans.pdf;1
;stans.pdf;39;stans.pdf;1
;stans.pdf;40;stans.pdf;1
;stans.pdf;41;stans.pdf;1
;stans.pdf;42;stans.pdf;1
;stans.pdf;43;stans.pdf;1
;stans.pdf;44;stans.pdf;1
;stans.pdf;45;stans.pdf;1
;stans.pdf;46;stans.pdf;1
;stans.pdf;47;stans.pdf;1
;stans.pdf;48;stans.pdf;1
;stans.pdf;49;stans.pdf;1
;stans.pdf;50;stans.pdf;1
;stans.pdf;51;stans.pdf;1
;stans.pdf;52;stans.pdf;1
;stans.pdf;53;stans.pdf;1
;stans.pdf;54;stans.pdf;1
;stans.pdf;55;stans.pdf;1
;stans.pdf;56;stans.pdf;1
;stans.pdf;57;stans.pdf;1
;stans.pdf;58;stans.pdf;1
;stans.pdf;59;stans.pdf;1
;stans.pdf;60;stans.pdf;1
;stans.pdf;61;stans.pdf;1
;stans.pdf;62;stans.pdf;1
;stans.pdf;63;stans.pdf;1
;stans.pdf;64;stans.pdf;1
;stans.pdf;65;stans.pdf;1
;stans.pdf;66;stans.pdf;1
;stans.pdf;67;stans.pdf;1
;stans.pdf;68;stans.pdf;1
;stans.pdf;69;stans.pdf;1
;stans.pdf;70;stans.pdf;1
;stans.pdf;71;stans.pdf;1
;stans.pdf;72;stans.pdf;1
;stans.pdf;73;stans.pdf;1
;stans.pdf;74;stans.pdf;1
;stans.pdf;75;stans.pdf;1
;stans.pdf;76;stans.pdf;1
;stans.pdf;77;stans.pdf;1
;stans.pdf;78;stans.pdf;1
;stans.pdf;79;stans.pdf;1
;stans.pdf;80;stans.pdf;1
;stans.pdf;81;stans.pdf;1
;stans.pdf;82;stans.pdf;1
;stans.pdf;83;stans.pdf;1
;stans.pdf;84;stans.pdf;1
;stans.pdf;85;stans.pdf;1
;stans.pdf;86;stans.pdf;1
;stans.pdf;87;stans.pdf;1
;stans.pdf;88;stans.pdf;1
;stans.pdf;89;stans.pdf;1
;stans.pdf;90;stans.pdf;1
;stans.pdf;91;stans.pdf;1
;stans.pdf;92;stans.pdf;1
;stans.pdf;93;stans.pdf;1
;stans.pdf;94;stans.pdf;1
;stans.pdf;95;stans.pdf;1
;stans.pdf;96;stans.pdf;1
;stans.pdf;97;stans.pdf;1
;stans.pdf;98;stans.pdf;1
;stans.pdf;99;stans.pdf;1
;stans.pdf;100;stans.pdf;1
;stans.pdf;101;stans.pdf;1
;stans.pdf;102;stans.pdf;1
;stans.pdf;103;stans.pdf;1
;stans.pdf;104;stans.pdf;1
;stans.pdf;105;stans.pdf;1
;stans.pdf;106;stans.pdf;1
;stans.pdf;107;stans.pdf;1
;stans.pdf;108;stans.pdf;1
;stans.pdf;109;stans.pdf;1
;stans.pdf;110;stans.pdf;1
;stans.pdf;111;stans.pdf;1
;stans.pdf;112;stans.pdf;1
;stans.pdf;113;stans.pdf;1
;stans.pdf;114;stans.pdf;1
;stans.pdf;115;stans.pdf;1
42 R;202120047 layout_42.pdf;42 L;202120047 layout_79.pdf;2
43 R;202120047 layout_43.pdf;43 L;202120047 layout_80.pdf;2
44 R;202120047 layout_44.pdf;44 L;202120047 layout_81.pdf;2
45 R;202120047 layout_45.pdf;45 L;202120047 layout_82.pdf;2
46 R;202120047 layout_46.pdf;46 L;202120047 layout_83.pdf;2