,Index,r,rechts,l,links,veelvoud
0,0,1 R,202120047 layout_1.pdf,10 L,202120047 layout_47.pdf,2
1,0,1 R,202120047 layout_1.pdf,10 L,202120047 layout_47.pdf,2
2,1,2 R,202120047 layout_2.pdf,11 L,202120047 layout_48.pdf,2
3,1,2 R,202120047 layout_2.pdf,11 L,202120047 layout_48.pdf,2
4,2,3 R,202120047 layout_3.pdf,12 L,202120047 layout_49.pdf,2
5,2,3 R,202120047 layout_3.pdf,12 L,202120047 layout_49.pdf,2
6,3,4 R,202120047 layout_4.pdf,13 L,202120047 layout_50.pdf,2
7,3,4 R,202120047 layout_4.pdf,13 L,202120047 layout_50.pdf,2
8,4,5 R,202120047 layout_5.pdf,14 L,202120047 layout_51.pdf,2
9,4,5 R,202120047 layout_5.pdf,14 L,202120047 layout_51.pdf,2
10,5,6 R,202120047 layout_6.pdf,15 L,202120047 layout_52.pdf,2
11,5,6 R,202120047 layout_6.pdf,15 L,202120047 layout_52.pdf,2
12,6,7 R,202120047 layout_7.pdf,16 L,202120047 layout_53.pdf,2
13,6,7 R,202120047 layout_7.pdf,16 L,202120047 layout_53.pdf,2
14,7,8 R,202120047 layout_8.pdf,17 L,202120047 layout_54.pdf,2
15,7,8 R,202120047 layout_8.pdf,17 L,202120047 layout_54.pdf,2
16,8,,stans.pdf,9,stans.pdf,1
17,9,,stans.pdf,10,stans.pdf,1
18,10,,stans.pdf,11,stans.pdf,1
19,11,,stans.pdf,12,stans.pdf,1
20,12,,stans.pdf,13,stans.pdf,1
21,13,,stans.pdf,14,stans.pdf,1
22,14,,stans.pdf,15,stans.pdf,1
23,15,,stans.pdf,16,stans.pdf,1
24,16,,stans.pdf,17,stans.pdf,1
25,17,,stans.pdf,18,stans.pdf,1
26,18,,stans.pdf,19,stans.pdf,1
27,19,,stans.pdf,20,stans.pdf,1
28,20,,stans.pdf,21,stans.pdf,1
29,21,,stans.pdf,22,stans.pdf,1
30,22,,stans.pdf,23,stans.pdf,1
31,23,,stans.pdf,24,stans.pdf,1
32,24,,stans.pdf,25,stans.pdf,1
33,25,,stans.pdf,26,stans.pdf,1
34,26,,stans.pdf,27,stans.pdf,1
35,27,,stans.pdf,28,stans.pdf,1
36,28,,stans.pdf,29,stans.pdf,1
37,29,,stans.pdf,30,stans.pdf,1
38,30,,stans.pdf,31,stans.pdf,1
39,31,,stans.pdf,32,stans.pdf,1
40,32,,stans.pdf,33,stans.pdf,1
41,33,,stans.pdf,34,stans.pdf,1
42,34,,stans.pdf,35,stans.pdf,1
43,35,,stans.pdf,36,stans.pdf,1
44,36,,stans.pdf,37,stans.pdf,1
45,37,,stans.pdf,38,stans.pdf,1
46,38,,stans.pdf,39,stans.pdf,1
47,39,,stans.pdf,40,stans.pdf,1
48,40,,stans.pdf,41,stans.pdf,1
49,41,,stans.pdf,42,stans.pdf,1
50,42,,stans.pdf,43,stans.pdf,1
51,43,,stans.pdf,44,stans.pdf,1
52,44,,stans.pdf,45,stans.pdf,1
53,45,,stans.pdf,46,stans.pdf,1
54,46,,stans.pdf,47,stans.pdf,1
55,47,,stans.pdf,48,stans.pdf,1
56,48,,stans.pdf,49,stans.pdf,1
57,49,,stans.pdf,50,stans.pdf,1
58,50,,stans.pdf,51,stans.pdf,1
59,51,,stans.pdf,52,stans.pdf,1
60,52,,stans.pdf,53,stans.pdf,1
61,53,,stans.pdf,54,stans.pdf,1
62,54,,stans.pdf,55,stans.pdf,1
63,55,,stans.pdf,56,stans.pdf,1
64,56,,stans.pdf,57,stans.pdf,1
65,57,,stans.pdf,58,stans.pdf,1
66,58,,stans.pdf,59,stans.pdf,1
67,59,,stans.pdf,60,stans.pdf,1
68,60,,stans.pdf,61,stans.pdf,1
69,61,,stans.pdf,62,stans.pdf,1
70,62,,stans.pdf,63,stans.pdf,1
71,63,,stans.pdf,64,stans.pdf,1
72,64,,stans.pdf,65,stans.pdf,1
73,65,,stans.pdf,66,stans.pdf,1
74,66,,stans.pdf,67,stans.pdf,1
75,67,,stans.pdf,68,stans.pdf,1
76,68,,stans.pdf,69,stans.pdf,1
77,69,,stans.pdf,70,stans.pdf,1
78,70,,stans.pdf,71,stans.pdf,1
79,71,,stans.pdf,72,stans.pdf,1
80,72,,stans.pdf,73,stans.pdf,1
81,73,,stans.pdf,74,stans.pdf,1
82,74,,stans.pdf,75,stans.pdf,1
83,75,,stans.pdf,76,stans.pdf,1
84,76,,stans.pdf,77,stans.pdf,1
85,77,,stans.pdf,78,stans.pdf,1
86,78,,stans.pdf,79,stans.pdf,1
87,79,,stans.pdf,80,stans.pdf,1
88,80,,stans.pdf,81,stans.pdf,1
89,81,,stans.pdf,82,stans.pdf,1
90,82,,stans.pdf,83,stans.pdf,1
91,83,,stans.pdf,84,stans.pdf,1
92,84,,stans.pdf,85,stans.pdf,1
93,85,,stans.pdf,86,stans.pdf,1
94,86,,stans.pdf,87,stans.pdf,1
95,87,,stans.pdf,88,stans.pdf,1
96,88,,stans.pdf,89,stans.pdf,1
97,89,,stans.pdf,90,stans.pdf,1
98,90,,stans.pdf,91,stans.pdf,1
99,91,,stans.pdf,92,stans.pdf,1
100,92,,stans.pdf,93,stans.pdf,1
101,93,,stans.pdf,94,stans.pdf,1
102,94,,stans.pdf,95,stans.pdf,1
103,95,,stans.pdf,96,stans.pdf,1
104,96,,stans.pdf,97,stans.pdf,1
105,97,,stans.pdf,98,stans.pdf,1
106,98,,stans.pdf,99,stans.pdf,1
107,99,,stans.pdf,100,stans.pdf,1
108,100,,stans.pdf,101,stans.pdf,1
109,101,,stans.pdf,102,stans.pdf,1
110,102,,stans.pdf,103,stans.pdf,1
111,103,,stans.pdf,104,stans.pdf,1
112,104,,stans.pdf,105,stans.pdf,1
113,105,,stans.pdf,106,stans.pdf,1
114,106,,stans.pdf,107,stans.pdf,1
115,107,,stans.pdf,108,stans.pdf,1
116,108,,stans.pdf,109,stans.pdf,1
117,109,,stans.pdf,110,stans.pdf,1
118,110,,stans.pdf,111,stans.pdf,1
119,111,,stans.pdf,112,stans.pdf,1
120,112,,stans.pdf,113,stans.pdf,1
121,113,,stans.pdf,114,stans.pdf,1
122,114,,stans.pdf,115,stans.pdf,1
123,115,,stans.pdf,116,stans.pdf,1
124,116,,stans.pdf,117,stans.pdf,1
125,117,,stans.pdf,118,stans.pdf,1
126,118,,stans.pdf,119,stans.pdf,1
127,119,,stans.pdf,120,stans.pdf,1
128,120,1 R,202120047 layout_1.pdf,10 L,202120047 layout_47.pdf,2
129,120,1 R,202120047 layout_1.pdf,10 L,202120047 layout_47.pdf,2
130,121,2 R,202120047 layout_2.pdf,11 L,202120047 layout_48.pdf,2
131,121,2 R,202120047 layout_2.pdf,11 L,202120047 layout_48.pdf,2
132,122,3 R,202120047 layout_3.pdf,12 L,202120047 layout_49.pdf,2
133,122,3 R,202120047 layout_3.pdf,12 L,202120047 layout_49.pdf,2
134,123,4 R,202120047 layout_4.pdf,13 L,202120047 layout_50.pdf,2
135,123,4 R,202120047 layout_4.pdf,13 L,202120047 layout_50.pdf,2
136,124,5 R,202120047 layout_5.pdf,14 L,202120047 layout_51.pdf,2
137,124,5 R,202120047 layout_5.pdf,14 L,202120047 layout_51.pdf,2
138,125,6 R,202120047 layout_6.pdf,15 L,202120047 layout_52.pdf,2
139,125,6 R,202120047 layout_6.pdf,15 L,202120047 layout_52.pdf,2
140,126,7 R,202120047 layout_7.pdf,16 L,202120047 layout_53.pdf,2
141,126,7 R,202120047 layout_7.pdf,16 L,202120047 layout_53.pdf,2
142,127,8 R,202120047 layout_8.pdf,17 L,202120047 layout_54.pdf,2
143,127,8 R,202120047 layout_8.pdf,17 L,202120047 layout_54.pdf,2
144,128,9 R,202120047 layout_9.pdf,18 L,202120047 layout_55.pdf,2
145,128,9 R,202120047 layout_9.pdf,18 L,202120047 layout_55.pdf,2
146,129,10 R,202120047 layout_10.pdf,19 L,202120047 layout_56.pdf,2
147,129,10 R,202120047 layout_10.pdf,19 L,202120047 layout_56.pdf,2
148,130,11 R,202120047 layout_11.pdf,20 L,202120047 layout_57.pdf,2
149,130,11 R,202120047 layout_11.pdf,20 L,202120047 layout_57.pdf,2
150,131,12 R,202120047 layout_12.pdf,21 L,202120047 layout_58.pdf,2
151,131,12 R,202120047 layout_12.pdf,21 L,202120047 layout_58.pdf,2
152,132,13 R,202120047 layout_13.pdf,22 L,202120047 layout_59.pdf,2
153,132,13 R,202120047 layout_13.pdf,22 L,202120047 layout_59.pdf,2
154,133,14 R,202120047 layout_14.pdf,23 L,202120047 layout_60.pdf,2
155,133,14 R,202120047 layout_14.pdf,23 L,202120047 layout_60.pdf,2
156,134,15 R,202120047 layout_15.pdf,24 L,202120047 layout_61.pdf,2
157,134,15 R,202120047 layout_15.pdf,24 L,202120047 layout_61.pdf,2
158,135,16 R,202120047 layout_16.pdf,25 L,202120047 layout_62.pdf,2
159,135,16 R,202120047 layout_16.pdf,25 L,202120047 layout_62.pdf,2
160,136,17 R,202120047 layout_17.pdf,26 L,202120047 layout_63.pdf,2
161,136,17 R,202120047 layout_17.pdf,26 L,202120047 layout_63.pdf,2
162,137,18 R,202120047 layout_18.pdf,27 L,202120047 layout_64.pdf,2
163,137,18 R,202120047 layout_18.pdf,27 L,202120047 layout_64.pdf,2
164,138,19 R,202120047 layout_19.pdf,28 L,202120047 layout_65.pdf,2
165,138,19 R,202120047 layout_19.pdf,28 L,202120047 layout_65.pdf,2
166,139,20 R,202120047 layout_20.pdf,29 L,202120047 layout_66.pdf,2
167,139,20 R,202120047 layout_20.pdf,29 L,202120047 layout_66.pdf,2
168,140,21 R,202120047 layout_21.pdf,30 L,202120047 layout_67.pdf,2
169,140,21 R,202120047 layout_21.pdf,30 L,202120047 layout_67.pdf,2
170,141,22 R,202120047 layout_22.pdf,31 L,202120047 layout_68.pdf,2
171,141,22 R,202120047 layout_22.pdf,31 L,202120047 layout_68.pdf,2
172,142,23 R,202120047 layout_23.pdf,32 L,202120047 layout_69.pdf,2
173,142,23 R,202120047 layout_23.pdf,32 L,202120047 layout_69.pdf,2
174,143,24 R,202120047 layout_24.pdf,33 L,202120047 layout_70.pdf,2
175,143,24 R,202120047 layout_24.pdf,33 L,202120047 layout_70.pdf,2
176,144,25 R,202120047 layout_25.pdf,34 L,202120047 layout_71.pdf,2
177,144,25 R,202120047 layout_25.pdf,34 L,202120047 layout_71.pdf,2
178,145,26 R,202120047 layout_26.pdf,35 L,202120047 layout_72.pdf,2
179,145,26 R,202120047 layout_26.pdf,35 L,202120047 layout_72.pdf,2
180,146,27 R,202120047 layout_27.pdf,36 L,202120047 layout_73.pdf,2
181,146,27 R,202120047 layout_27.pdf,36 L,202120047 layout_73.pdf,2
182,147,28 R,202120047 layout_28.pdf,37 L,202120047 layout_74.pdf,2
183,147,28 R,202120047 layout_28.pdf,37 L,202120047 layout_74.pdf,2
184,148,29 R,202120047 layout_29.pdf,38 L,202120047 layout_75.pdf,2
185,148,29 R,202120047 layout_29.pdf,38 L,202120047 layout_75.pdf,2
186,149,30 R,202120047 layout_30.pdf,39 L,202120047 layout_76.pdf,2
187,149,30 R,202120047 layout_30.pdf,39 L,202120047 layout_76.pdf,2
188,150,31 R,202120047 layout_31.pdf,40 L,202120047 layout_77.pdf,2
189,150,31 R,202120047 layout_31.pdf,40 L,202120047 layout_77.pdf,2
190,151,32 R,202120047 layout_32.pdf,41 L,202120047 layout_78.pdf,2
191,151,32 R,202120047 layout_32.pdf,41 L,202120047 layout_78.pdf,2
192,152,33 R,202120047 layout_33.pdf,42 L,202120047 layout_79.pdf,2
193,152,33 R,202120047 layout_33.pdf,42 L,202120047 layout_79.pdf,2
194,153,34 R,202120047 layout_34.pdf,43 L,202120047 layout_80.pdf,2
195,153,34 R,202120047 layout_34.pdf,43 L,202120047 layout_80.pdf,2
196,154,35 R,202120047 layout_35.pdf,44 L,202120047 layout_81.pdf,2
197,154,35 R,202120047 layout_35.pdf,44 L,202120047 layout_81.pdf,2
198,155,36 R,202120047 layout_36.pdf,45 L,202120047 layout_82.pdf,2
199,155,36 R,202120047 layout_36.pdf,45 L,202120047 layout_82.pdf,2
200,156,37 R,202120047 layout_37.pdf,46 L,202120047 layout_83.pdf,2
201,156,37 R,202120047 layout_37.pdf,46 L,202120047 layout_83.pdf,2
202,157,38 R,202120047 layout_38.pdf,,stans.pdf,2
203,157,38 R,202120047 layout_38.pdf,,stans.pdf,2
204,158,39 R,202120047 layout_39.pdf,,stans.pdf,2
205,158,39 R,202120047 layout_39.pdf,,stans.pdf,2
206,159,40 R,202120047 layout_40.pdf,,stans.pdf,2
207,159,40 R,202120047 layout_40.pdf,,stans.pdf,2
208,160,41 R,202120047 layout_41.pdf,,stans.pdf,2
209,160,41 R,202120047 layout_41.pdf,,stans.pdf,2
210,161,42 R,202120047 layout_42.pdf,,stans.pdf,2
211,161,42 R,202120047 layout_42.pdf,,stans.pdf,2
212,162,43 R,202120047 layout_43.pdf,,stans.pdf,2
213,162,43 R,202120047 layout_43.pdf,,stans.pdf,2
214,163,44 R,202120047 layout_44.pdf,,stans.pdf,2
215,163,44 R,202120047 layout_44.pdf,,stans.pdf,2
216,164,45 R,202120047 layout_45.pdf,,stans.pdf,2
217,164,45 R,202120047 layout_45.pdf,,stans.pdf,2
218,165,46 R,202120047 layout_46.pdf,,stans.pdf,2
219,165,46 R,202120047 layout_46.pdf,,stans.pdf,2
220,166,,stans.pdf,1,stans.pdf,1
221,167,,stans.pdf,2,stans.pdf,1
222,168,,stans.pdf,3,stans.pdf,1
223,169,,stans.pdf,4,stans.pdf,1
224,170,,stans.pdf,5,stans.pdf,1
225,171,,stans.pdf,6,stans.pdf,1
226,172,,stans.pdf,7,stans.pdf,1
227,173,,stans.pdf,8,stans.pdf,1
228,174,,stans.pdf,9,stans.pdf,1
229,175,,stans.pdf,10,stans.pdf,1
230,176,,stans.pdf,11,stans.pdf,1
231,177,,stans.pdf,12,stans.pdf,1
232,178,,stans.pdf,13,stans.pdf,1
233,179,,stans.pdf,14,stans.pdf,1
234,180,,stans.pdf,15,stans.pdf,1
235,181,,stans.pdf,16,stans.pdf,1
236,182,,stans.pdf,17,stans.pdf,1
237,183,,stans.pdf,18,stans.pdf,1
238,184,,stans.pdf,19,stans.pdf,1
239,185,,stans.pdf,20,stans.pdf,1
240,186,,stans.pdf,21,stans.pdf,1
241,187,,stans.pdf,22,stans.pdf,1
242,188,,stans.pdf,23,stans.pdf,1
243,189,,stans.pdf,24,stans.pdf,1
244,190,,stans.pdf,25,stans.pdf,1
245,191,,stans.pdf,26,stans.pdf,1
246,192,,stans.pdf,27,stans.pdf,1
247,193,,stans.pdf,28,stans.pdf,1
248,194,,stans.pdf,29,stans.pdf,1
249,195,,stans.pdf,30,stans.pdf,1
250,196,,stans.pdf,31,stans.pdf,1
251,197,,stans.pdf,32,stans.pdf,1
252,198,,stans.pdf,33,stans.pdf,1
253,199,,stans.pdf,34,stans.pdf,1
254,200,,stans.pdf,35,stans.pdf,1
255,201,,stans.pdf,36,stans.pdf,1
256,202,,stans.pdf,37,stans.pdf,1
257,203,,stans.pdf,38,stans.pdf,1
258,204,,stans.pdf,39,stans.pdf,1
259,205,,stans.pdf,40,stans.pdf,1
260,206,,stans.pdf,41,stans.pdf,1
261,207,,stans.pdf,42,stans.pdf,1
262,208,,stans.pdf,43,stans.pdf,1
263,209,,stans.pdf,44,stans.pdf,1
264,210,,stans.pdf,45,stans.pdf,1
265,211,,stans.pdf,46,stans.pdf,1
266,212,,stans.pdf,47,stans.pdf,1
267,213,,stans.pdf,48,stans.pdf,1
268,214,,stans.pdf,49,stans.pdf,1
269,215,,stans.pdf,50,stans.pdf,1
270,216,,stans.pdf,51,stans.pdf,1
271,217,,stans.pdf,52,stans.pdf,1
272,218,,stans.pdf,53,stans.pdf,1
273,219,,stans.pdf,54,stans.pdf,1
274,220,,stans.pdf,55,stans.pdf,1
275,221,,stans.pdf,56,stans.pdf,1
276,222,,stans.pdf,57,stans.pdf,1
277,223,,stans.pdf,58,stans.pdf,1
278,224,,stans.pdf,59,stans.pdf,1
279,225,,stans.pdf,60,stans.pdf,1
280,226,,stans.pdf,61,stans.pdf,1
281,227,,stans.pdf,62,stans.pdf,1
282,228,,stans.pdf,63,stans.pdf,1
283,229,,stans.pdf,64,stans.pdf,1
284,230,,stans.pdf,65,stans.pdf,1
285,231,,stans.pdf,66,stans.pdf,1
286,232,,stans.pdf,67,stans.pdf,1
287,233,,stans.pdf,68,stans.pdf,1
288,234,,stans.pdf,69,stans.pdf,1
289,235,,stans.pdf,70,stans.pdf,1
290,236,,stans.pdf,71,stans.pdf,1
291,237,,stans.pdf,72,stans.pdf,1
292,238,,stans.pdf,73,stans.pdf,1
293,239,,stans.pdf,74,stans.pdf,1
294,240,,stans.pdf,75,stans.pdf,1
295,241,,stans.pdf,76,stans.pdf,1
296,242,,stans.pdf,77,stans.pdf,1
297,243,,stans.pdf,78,stans.pdf,1
298,244,,stans.pdf,79,stans.pdf,1
299,245,,stans.pdf,80,stans.pdf,1
300,246,,stans.pdf,81,stans.pdf,1
301,247,,stans.pdf,82,stans.pdf,1
302,248,,stans.pdf,83,stans.pdf,1
303,249,,stans.pdf,84,stans.pdf,1
304,250,,stans.pdf,85,stans.pdf,1
305,251,,stans.pdf,86,stans.pdf,1
306,252,,stans.pdf,87,stans.pdf,1
307,253,,stans.pdf,88,stans.pdf,1
308,254,,stans.pdf,89,stans.pdf,1
309,255,,stans.pdf,90,stans.pdf,1
310,256,,stans.pdf,91,stans.pdf,1
311,257,,stans.pdf,92,stans.pdf,1
312,258,,stans.pdf,93,stans.pdf,1
313,259,,stans.pdf,94,stans.pdf,1
314,260,,stans.pdf,95,stans.pdf,1
315,261,,stans.pdf,96,stans.pdf,1
316,262,,stans.pdf,97,stans.pdf,1
317,263,,stans.pdf,98,stans.pdf,1
318,264,,stans.pdf,99,stans.pdf,1
319,265,,stans.pdf,100,stans.pdf,1
320,266,,stans.pdf,101,stans.pdf,1
321,267,,stans.pdf,102,stans.pdf,1
322,268,,stans.pdf,103,stans.pdf,1
323,269,,stans.pdf,104,stans.pdf,1
324,270,,stans.pdf,105,stans.pdf,1
325,271,,stans.pdf,106,stans.pdf,1
326,272,,stans.pdf,107,stans.pdf,1
327,273,,stans.pdf,108,stans.pdf,1
328,274,,stans.pdf,109,stans.pdf,1
329,275,,stans.pdf,110,stans.pdf,1
330,276,,stans.pdf,111,stans.pdf,1
331,277,,stans.pdf,112,stans.pdf,1
332,278,,stans.pdf,113,stans.pdf,1
333,279,,stans.pdf,114,stans.pdf,1
334,280,,stans.pdf,115,stans.pdf,1
335,281,42 R,202120047 layout_42.pdf,42 L,202120047 layout_79.pdf,2
336,281,42 R,202120047 layout_42.pdf,42 L,202120047 layout_79.pdf,2
337,282,43 R,202120047 layout_43.pdf,43 L,202120047 layout_80.pdf,2
338,282,43 R,202120047 layout_43.pdf,43 L,202120047 layout_80.pdf,2
339,283,44 R,202120047 layout_44.pdf,44 L,202120047 layout_81.pdf,2
340,283,44 R,202120047 layout_44.pdf,44 L,202120047 layout_81.pdf,2
341,284,45 R,202120047 layout_45.pdf,45 L,202120047 layout_82.pdf,2
342,284,45 R,202120047 layout_45.pdf,45 L,202120047 layout_82.pdf,2
343,285,46 R,202120047 layout_46.pdf,46 L,202120047 layout_83.pdf,2
344,285,46 R,202120047 layout_46.pdf,46 L,202120047 layout_83.pdf,2
